NPI,Organization Name,City,Missing Fields
1780074799,AJ DENTAL GROUP PC,DANBURY,First Name; Last Name
1356239222,ARCHWAY DENTAL SERVICES OF NY,CHAPPAQUA,First Name; Last Name
1669441473,"BENJAMIN M. FRANK, D.D.S.",DANBURY,First Name; Last Name
1821174863,BEST DENTAL CARE,DANBURY,First Name; Last Name
1750809091,BLAKE I WINOKUR DMD P.C.,DANBURY,First Name; Last Name
1336385145,CARING DENTAL GROUP OF DANBURY LLC,DANBURY,First Name; Last Name
1851775019,CT BRACES DANBURY ORTHODONTICS PC,DANBURY,First Name; Last Name
1366279622,DANBURY BRIGHT SMILES LLC,DANBURY,First Name; Last Name
1902075823,DANBURY DENTAL GROUP,DANBURY,First Name; Last Name
1528498474,DANBURY ORTHODONTICS,DANBURY,First Name; Last Name
1528372448,DANBURY PLAZA FAMILY DENTAL PC,DANBURY,First Name; Last Name
1083801427,DANBURY PUBLIC SCHOOL,DANBURY,First Name; Last Name
1831893403,"DANBURYDDS, P.C.",DANBURY,First Name; Last Name
1922549518,"DENTAL WELLNESS & HEALTH, P.C",DANBURY,First Name; Last Name
1235500729,DIAMOND DENTAL SERVICES INC,DANBURY,First Name; Last Name
1639316250,"DR. JACK L. GISH & ASSOCIATES, PC",DANBURY,First Name; Last Name
1639344740,GEORGE L LANDRESS DDS PC,DANBURY,First Name; Last Name
1457571374,GREGORY A MCKENNA DMD LLC,DANBURY,First Name; Last Name
1588040687,JLG DENTAL LLC,DANBURY,First Name; Last Name
1780701961,"MAIN STREET DENTAL, PC",DANBURY,First Name; Last Name
1316571425,MYORTHOS CONNECTICUT ORTHODONTICS PC,BRIDGEPORT,First Name; Last Name
1295993269,NEW ENGLAND DENTAL,DANBURY,First Name; Last Name
1396568101,PRESTO DENTAL PLLC,DANBURY,First Name; Last Name
1508689324,PRESTO DENTAL PLLC,STAMFORD,First Name; Last Name
1386043933,SONG DENTISTRY P C,DANBURY,First Name; Last Name
1487900528,AMAZING SMILES LLC,NORWALK,First Name; Last Name
1558904987,BAYBROOK DENTAL,WEST HAVEN,First Name; Last Name
1891281366,BON DENTAL,WEST HAVEN,First Name; Last Name
1013191212,CONNECTICUT DENTAL ASSOCIATES PC,WEST HAVEN,First Name; Last Name
1679746093,ELM FAMILY DENTAL ASSOCIATES LLC,WEST HAVEN,First Name; Last Name
1750516399,LANDMARK DENTAL,WEST HAVEN,First Name; Last Name
1891051777,LAWRENCE MESSINA DDS PC,WEST HAVEN,First Name; Last Name
1073862520,"PEDRO S. GARCIA DDS., PC",WEST HAVEN,First Name; Last Name
1518259860,SEREBRO DENTAL P.C.,WEST HAVEN,First Name; Last Name
1588752828,SOUNDENTAL ASSOC P.C.,WEST HAVEN,First Name; Last Name
1881868842,STANLEYJWOLFEDDSPC,WEST HAVEN,First Name; Last Name
1861765711,WEST HAVEN DENTAL LLC,WEST HAVEN,First Name; Last Name
1518401066,WEST SHORE FAMILY DENTAL LLC,WEST HAVEN,First Name; Last Name
1316233182,YANKEE FAMILY DENTAL CARE,WEST HAVEN,First Name; Last Name
1083256226,"CONNECTICUT DENTAL PROFESSIONALS, P.C.",OXFORD,First Name; Last Name
1205685724,DYNAMIC SMILES ORTHODONTICS,OXFORD,First Name; Last Name
1760609333,OXFORD DENTAL ASSOCIATES,OXFORD,First Name; Last Name
1821267667,OXFORD DENTAL GROUP,OXFORD,First Name; Last Name
1942658869,TSM1 LLC,OXFORD,First Name; Last Name
1740092030,BLUE SKY DENTAL PLLC,SIMSBURY,First Name; Last Name
1629106349,CENTER FOR DENTAL EXCELLENCE LLC,SIMSBURY,First Name; Last Name
1639513864,KENNETH R FINN DMD LLC,SIMSBURY,First Name; Last Name
1669686507,MCKENNA ORTHODONTICS PC,SIMSBURY,First Name; Last Name
1194439968,"PEOPLESDENTAL, P.C.",SIMSBURY,First Name; Last Name
1497758817,"PHILIP E. PILON, DMD, LAWRENCE S. CHRISTIAN, DMD, PC",SIMSBURY,First Name; Last Name
1891287629,SIMSBURY FAMILY DENTISTRY PLLC,SIMSBURY,First Name; Last Name
1629403217,SIMSBURY ORTHODONTICS LLC,SIMSBURY,First Name; Last Name
1912305301,MOHAN LLC,PLAINFIELD,First Name; Last Name
1033440961,"WALTER D. FONFARA, D.D.S., P.C.",PLAINFIELD,First Name; Last Name
1588915821,CANDLEWOOD DENTAL CARE INC,NEW FAIRFIELD,First Name; Last Name
1003332487,CANDLEWOOD GENTLE DENTAL,NEW FAIRFIELD,First Name; Last Name
1992160055,CONNECTICUT DENTAL ARTS,NEW FAIRFIELD,First Name; Last Name
1649618901,AVON CENTER DENTISTRY,AVON,First Name; Last Name
1447463526,"AVON DENTAL GROUP, P.C.",AVON,First Name; Last Name
1861937492,AVON FAMILY AND COSMETIC DENTISTRY LLC,AVON,First Name; Last Name
1063567246,AVON FAMILY DENTISTRY,AVON,First Name; Last Name
1376663609,AVON VILLAGE FAMILY DENTISTRY,AVON,First Name; Last Name
1295877678,AVON WELLNESS CENTER DENTAL ASSOCIATES PC,AVON,First Name; Last Name
1689823171,"DENTAL ARTS OF AVON, P.C",AVON,First Name; Last Name
1073041489,ENDODONTIC SOLUTIONS LLC,AVON,First Name; Last Name
1467555995,FARMINGTON VALLEY ORTHODONTIC ASSOCIATES,AVON,First Name; Last Name
1245549203,ISMILE FAMILY DENTISTRY,EAST HARTFORD,First Name; Last Name
1669614772,"JOHN A. BIERLY DMD AND PETER J. PETERSON DMD, PC",AVON,First Name; Last Name
1255431466,"KUHLBERG ORTHODONTICS, P.C.",AVON,First Name; Last Name
1770040404,NEWPOINT FAMILY DENTAL LLC,AVON,First Name; Last Name
1649813783,"PEOPLESDENTAL, P.C.",AVON,First Name; Last Name
1740297308,RMW ENTERPRISE PC,AVON,First Name; Last Name
1497354310,SMILEEZ,AVON,First Name; Last Name
1427616812,TALCOTT DENTAL CARE LLC,WEST HARTFORD,First Name; Last Name
1467085407,WESTERN MASS PERIODONTICS PC,AVON,First Name; Last Name
1942770722,"C&W DENTISTRY, LLC",WINSTED,First Name; Last Name
1003067638,LATVIS FAMILY DENTISTS,TERRYVILLE,First Name; Last Name
1619474954,RALPH J BOZZA,TERRYVILLE,First Name; Last Name
1598179913,SMILE HAVEN DENTAL CENTER LLC,TERRYVILLE,First Name; Last Name
1730251505,SZY INC,TERRYVILLE,First Name; Last Name
1831645167,"TERRYVILLE FAMILY DENTAL, LLC",TERRYVILLE,First Name; Last Name
1790078418,A&G FAMILY DENTISTRY PC,WATERBURY,First Name; Last Name
1306346457,"C&S FAMILY DENTAL WATERBURY, LLC",WATERBURY,First Name; Last Name
1548328495,CHASE PARKWAY DENTAL LLC,WATERBURY,First Name; Last Name
1912394834,CONNECTICUT SMILES LLC,WATERBURY,First Name; Last Name
1881987964,CT DENTAL LLC,WATERBURY,First Name; Last Name
1164745956,"DENTAL GROUP OF WATERBURY, LLC",WATERBURY,First Name; Last Name
1073638896,"ENDODONTIC ASSOCIATES OF GREATER WATERBURY, PC",WATERBURY,First Name; Last Name
1619022639,"LUCIANO D. MARINI, DMD LLC",WATERBURY,First Name; Last Name
1356642540,MICHAEL A MANDINO JR D.D.S DR LOUIS A JULIANO D.D.S. LLC,WATERBURY,First Name; Last Name
1124153903,MICHAEL M. GREENWALD DDS PC,WATERBURY,First Name; Last Name
1275352965,PRECISION DENTAL PLLC,WATERBURY,First Name; Last Name
1437379260,RONALD P. RITUCCI DMD PC,WATERBURY,First Name; Last Name
1881339349,ROSS EDWARD ARONSON DDS PLLC,WATERBURY,First Name; Last Name
1023574753,SANTA MARIA & SCHNEIDER D.M.D WATERBURY LLC,WATERBURY,First Name; Last Name
1033531124,"SMILES OF WATERBURY, LLC",WATERBURY,First Name; Last Name
1437329042,"SPECTRA DENTAL, LLC",WATERBURY,First Name; Last Name
1619390853,STATE DENTAL,WATERBURY,First Name; Last Name
1629121561,STEPHEN WALLACE DDS PC,WATERBURY,First Name; Last Name
1720204415,WEST MAIN DENTAL ASSOCIATES,WATERBURY,First Name; Last Name
1396120390,WEST MAIN FAMILY DENTISTRY,WATERBURY,First Name; Last Name
1790902559,"ASPEN DENTAL OF CENTRAL CT, PC",DANBURY,First Name; Last Name
1750957775,CEDAR DENTAL TEAM PLLC,DANBURY,First Name; Last Name
1710237573,"CONNECTICUT POST MALL DENTAL, PC",BROOKLYN,First Name; Last Name
1477855781,DANBURY DENTAL P.C.,DANBURY,First Name; Last Name
1801009956,"DANBURY DENTAL SERVICES,P.C.",DANBURY,First Name; Last Name
1366571077,DENTAL ASSOCIATES OF CT PC,DANBURY,First Name; Last Name
1073827523,"DENTAL GROUP OF DANBURY,PC",DANBURY,First Name; Last Name
1134413008,GLEN HILL DENTAL PC,DANBURY,First Name; Last Name
1598113813,HILLTOP DENTAL ASSOCIATES LLC,DANBURY,First Name; Last Name
1134512932,LRD DANBURY LLC,DANBURY,First Name; Last Name
1760722201,RALPH GIULIANO,DANBURY,First Name; Last Name
1699894451,"RIDGEFIELD DENTAL CARE, P.C.",RIDGEFIELD,First Name; Last Name
1215328273,"ADVANCED DENTISTRY, INC",CHESHIRE,First Name; Last Name
1669495024,"BARRY A. FELDMAN, D.D.S., P.C.",CHESHIRE,First Name; Last Name
1093322174,"CANDID CONNECTICUT, PLLC",CHESHIRE,First Name; Last Name
1144366030,"CHESHIRE DENTAL ASSOCIATES, PC",CHESHIRE,First Name; Last Name
1205421146,HIGHLAND DENTAL LLC,CHESHIRE,First Name; Last Name
1134513872,NEW LEAF FAMILY DENTAL PC,CHESHIRE,First Name; Last Name
1144432477,"R A ASSOCIATES OF CHESHIRE, LLC",CHESHIRE,First Name; Last Name
1972511772,"SPADOLA & VINCENT, DMD, LLC",CHESHIRE,First Name; Last Name
1427847441,VIJITHA BANDLA PLLC,CHESHIRE,First Name; Last Name
1184063109,"PO-CHENG TSAI DMD, LLC",LEDYARD,First Name; Last Name
1831771450,3885 MAIN ST BRIDGEPORT DENTAL INC,BRIDGEPORT,First Name; Last Name
1720318272,A PLUS DENTAL CARE,BRIDGEPORT,First Name; Last Name
1275749061,A WINNING SMILE LLC,BRIDGEPORT,First Name; Last Name
1366610925,A1 DENTALCARE,BRIDGEPORT,First Name; Last Name
1881048080,"BRIDGEPORT BRACES, LLC",BRIDGEPORT,First Name; Last Name
1154628477,BRIDGEPORT DENTIST,BRIDGEPORT,First Name; Last Name
1063786507,"BRIGHT DENTAL AT BRIDGEPORT, PC",BRIDGEPORT,First Name; Last Name
1437234523,COMMERCE PARK DENTAL GROUP LLC,BRIDGEPORT,First Name; Last Name
1083847172,"CONNECTICUT DENTAL GRUOP, LLC",BRIDGEPORT,First Name; Last Name
1750696399,"CONNECTICUT FAMILY DENTAL, INC",BRIDGEPORT,First Name; Last Name
1588048748,CT BRACES BRIDGEPORT ORTHODONTICS PC,BRIDGEPORT,First Name; Last Name
1609363860,CT BRACES NEWTOWN ORTHODONTICS PC,NEWTOWN,First Name; Last Name
1740525963,"CT BRACES, LLC",NEW HAVEN,First Name; Last Name
1467754309,"CT BRACES, LLC",BRIDGEPORT,First Name; Last Name
1588998884,"DENTAL DREAMS, LLC",BRIDGEPORT,First Name; Last Name
1356756423,LONG RIDGE DENTAL LLC,BRIDGEPORT,First Name; Last Name
1033484043,MERRITT DENTAL LLC,BRIDGEPORT,First Name; Last Name
1184258386,"MYORTHOS HOLDINGS, LLC",BRIDGEPORT,First Name; Last Name
1053705061,"NORTH END DENTAL ASSOCIATES, PC",BRIDGEPORT,First Name; Last Name
1730448978,PERLA DENTAL OF BRIDGEPORT PC,BRIDGEPORT,First Name; Last Name
1881611432,"ROBERT D. MARKOWITZ, D.D.S.,P.C.",BRIDGEPORT,First Name; Last Name
1154560118,CANTON VALLEY DENTAL LLC,CANTON,First Name; Last Name
1063527786,GERARD E BOGUCKI DMS PC,COLLINSVILLE,First Name; Last Name
1184472979,KP DENTAL INC,WINSTED,First Name; Last Name
1255825600,PEOPLESDENTAL PC,WEST HARTFORD,First Name; Last Name
1467844563,GENTLE DENTAL PC,MIDDLETOWN,First Name; Last Name
1497060008,A DENTAL CARE,NORWALK,First Name; Last Name
1871881433,A PLUS DENTAL CARE OF NORWALK PC,NORWALK,First Name; Last Name
1700506714,ADVANCED AESTHETICS AND FAMILY DENTISTRY,NORWALK,First Name; Last Name
1871039644,"ALAN B. ROSENTHAL DMD, LLC",NORWALK,First Name; Last Name
1659756591,"ALL SMILES, LLC",NORWALK,First Name; Last Name
1841720794,ASLEEP DENTISTRY,NORWALK,First Name; Last Name
1205592557,ASNIS DENTAL OF CONNECTICUT LLC,STAMFORD,First Name; Last Name
1568991636,BIBKO ORTHODONTICS LLC,NORWALK,First Name; Last Name
1982720025,CALNON & SUAREZ LLC,NORWALK,First Name; Last Name
1104387489,"CONNECTICUT DENTAL PROFESSIONALS, P.C.",NORWALK,First Name; Last Name
1316321573,CT BRACES NORWALK ORTHODONTICS PC,NORWALK,First Name; Last Name
1679078026,DENTAL ONE LLC,NORWALK,First Name; Last Name
1154773216,DENTAL SLEEP MEDICINE CENTER FOR SNORING AND SLEEP APNEA LLC,NORWALK,First Name; Last Name
1891231346,DENTAL SLEEP MEDICINE CENTER FOR SNORING AND SLEEP APNEA LLC,NORWALK,First Name; Last Name
1891128575,DENTAL SOLUTIONS,NORWALK,First Name; Last Name
1275278467,DENTAL SOLUTIONS KIDS,NORWALK,First Name; Last Name
1437672474,DENTAL SPECIALISTS CENTER OF CONNECTICUT LLC,NORWALK,First Name; Last Name
1063918787,"DEVOTED DENTAL ASSOCIATES, PLLC",NORWALK,First Name; Last Name
1710375498,DIAMOND BRACES OF NORWALK,ENGLEWOOD,First Name; Last Name
1710386933,DIAMOND BRACES OF NORWALK CONNECTICUT LLC,NORWALK,First Name; Last Name
1639613771,DOWNTOWN DENTAL CT PC,NORWALK,First Name; Last Name
1740422021,"ELKE CHEUNG D.M.D. , P.C.",NORWALK,First Name; Last Name
1164446720,ENDODONTIC ASSOCIATES OF NORWALK,NORWALK,First Name; Last Name
1114496569,GUARIGLIA AND GOLDBERG LLP,NORWALK,First Name; Last Name
1699834788,JAMES F WOOD DDS PC,NORWALK,First Name; Last Name
1518030170,"MAEROWITZ-KLEIN DDS,PC",NORWALK,First Name; Last Name
1790133445,MASTERS DENTAL ALLIANCE,NORWALK,First Name; Last Name
1407115801,MERRITT DENTAL CARE LLC,NORWALK,First Name; Last Name
1952684466,"MICHAEL O. KAPNER, DDS, LLC",NORWALK,First Name; Last Name
1215735022,NORWALK DDS LLC,NORWALK,First Name; Last Name
1366890105,"NORWALK DENTAL ASSOCIATES, LLC",NORWALK,First Name; Last Name
1942502695,NORWALK FAMILY DENTAL LLC,NORWALK,First Name; Last Name
1760812580,NORWALK ORTHODONTICS ASSOCIATTES,NORWALK,First Name; Last Name
1780332973,ONE ENDO SUPPORT SERVICES,MAMARONECK,First Name; Last Name
1053704445,PEDIATRIC DENTAL SEDATION SPECIALIST OF CONNECTICUT LLC,NORWALK,First Name; Last Name
1083720080,"PRECISION DENTAL CARE, LLC",NORWALK,First Name; Last Name
1053136846,"PROFESSIONAL DENTAL ALLIANCE OF CT - ORTHO, PLLC",FAIRFIELD,First Name; Last Name
1306624143,"PROFESSIONAL DENTAL ALLIANCE OF CT - ORTHO, PLLC",FAIRFIELD,First Name; Last Name
1962995449,"PROFESSIONAL DENTAL ALLIANCE OF NORWALK, PLLC",NORWALK,First Name; Last Name
1013733583,"PROFESSIONAL DENTAL ALLIANCE OF NORWALK, PLLC",NORWALK,First Name; Last Name
1396821682,"SHEL DENTAL, P.C.",NORWALK,First Name; Last Name
1629580741,"SWEET DREAMS DENTAL ANESTHESIA, PLLC",NORWALK,First Name; Last Name
1225241250,THE HARMONY DENTAL,NORWALK,First Name; Last Name
1083051056,UNIQUE DENTAL CARE PC,NORWALK,First Name; Last Name
1265863518,"ADDISON VILLAGE DENTAL, INC",GLASTONBURY,First Name; Last Name
1225508526,CENTRAL CONNECTICUT OROFACIAL SLEEP MEDICINE INC,GLASTONBURY,First Name; Last Name
1356551865,DENTAL SOLUTIONS OF GLASTONBURY,GLASTONBURY,First Name; Last Name
1366891509,ELITE DENTAL,CROMWELL,First Name; Last Name
1427189893,GLASTONBURY DENTAL ASSOCIATES LLP,GLASTONBURY,First Name; Last Name
1205545704,GLASTONBURY DENTAL CARE,GLASTONBURY,First Name; Last Name
1356458483,GLASTONBURY FAMILY DENTAL,GLASTONBURY,First Name; Last Name
1447596408,GLASTONBURY FAMILY DENTAL PC,GLASTONBURY,First Name; Last Name
1962590380,"GRACE A. NAKOS, DMD, P.C.",GLASTONBURY,First Name; Last Name
1932246733,HEIM & CARROLL DMD LLC,GLASTONBURY,First Name; Last Name
1871917179,KELLY FAMILY ORTHODONTICS,GLASTONBURY,First Name; Last Name
1407455538,NEW: GLASTONBURY ORAL AND IMPLANT SURGERY PLLC,GLASTONBURY,First Name; Last Name
1619118999,PROSPECT DENTAL,GLASTONBURY,First Name; Last Name
1992871628,RISINGER ORTHODONTICS PC,GLASTONBURY,First Name; Last Name
1629268982,ROUND AND HERRICK FAMILY DENTISTRY P.C.,GLASTONBURY,First Name; Last Name
1548484561,"SMILES FOR THE FUTURE, LLC",GLASTONBURY,First Name; Last Name
1467110031,TOLLAND DENTAL ASSOCIATES LLC,TOLLAND,First Name; Last Name
1063869162,"BRADFORD J. PINKOS, DMD, LLC",BRIDGEWATER,First Name; Last Name
1336570357,"EVERGREEN PROSTHODONTIC ASSOCIATES, LLC",SOUTHBURY,First Name; Last Name
1437613320,JACK ZAZZARO DMD LLC,SOUTHBURY,First Name; Last Name
1396209219,JETAS DENTAL,SOUTHBURY,First Name; Last Name
1497956510,"SOUTHBURY SMILES, LLC",SOUTHBURY,First Name; Last Name
1578018487,THE SMILE SPOT,SOUTHBURY,First Name; Last Name
1013037845,"BRACEDR, PC",HAMDEN,First Name; Last Name
1932245859,DANDREA & PANTERA DMD PC,HAMDEN,First Name; Last Name
1306378153,DRS CHEN AND SEIGNEMARTIN LLC,HAMDEN,First Name; Last Name
1184057192,HAMDEN FAMILY DENTAL CENTER,HAMDEN,First Name; Last Name
1891970166,"JERALYN R. FANTARELLA, DMD, P.C.",HAMDEN,First Name; Last Name
1871833897,JONATHAN L. GOLDBERG DMD,HAMDEN,First Name; Last Name
1588869127,LISBETH STEEN DMD LLC,HAMDEN,First Name; Last Name
1780397455,MONARCH DENTISTRY,HAMDEN,First Name; Last Name
1629118559,NEW HAVEN DENTAL GROUP,HAMDEN,First Name; Last Name
1033862909,ORTHOHQ PC,HAMDEN,First Name; Last Name
1164878740,"PINES DENTAL ASSOCIATES, P.C.",HAMDEN,First Name; Last Name
1891257689,"PYRAMID FAMILY DENTAL CARE, LLC",HAMDEN,First Name; Last Name
1346389392,"ROBERT N. REYNOLDS,D.D.S.,P.C.",HAMDEN,First Name; Last Name
1295165421,ALBANO & GREENWALD LLC,TORRINGTON,First Name; Last Name
1841408648,ARTISTIC DENTAL MEDICINE,NEW HARTFORD,First Name; Last Name
1750599551,B & B DENTISTRY LLC,TORRINGTON,First Name; Last Name
1356493233,"BYRON J. ROUND, D.D.S., P.C.",TORRINGTON,First Name; Last Name
1699384966,CONNECTICUT PERIODONTAL & IMPLANT ASSOCIATES,WINDSOR,First Name; Last Name
1114467164,"CONSOLIDATED ORTHODONTIC SERVICES, LLC",TORRINGTON,First Name; Last Name
1871656660,"DRS.COUTANT, SEDERQUST & NEBOR, DENTISTS,PC",TORRINGTON,First Name; Last Name
1366718041,ESTHETIC FAMILY DENTISTRY,TORRINGTON,First Name; Last Name
1811303076,ICARE DENTAL LLC,TORRINGTON,First Name; Last Name
1962605378,ISADORE B TEMKIN DDS,TORRINGTON,First Name; Last Name
1487779542,JAMES T SMITH JR DMD PC,TORRINGTON,First Name; Last Name
1326255845,JORGE F BAUJIN,TORRINGTON,First Name; Last Name
1619550845,KAVITA SHARMA DDS PLLC,TORRINGTON,First Name; Last Name
1952618498,KENNEDY DENTAL,TORRINGTON,First Name; Last Name
1255632667,KENNEDY FAMILY DENTAL,TORRINGTON,First Name; Last Name
1841426962,LITCHFIELD HILLS FAMILY DENTAL,TORRINGTON,First Name; Last Name
1568920239,M&N DENTAL CARE PLLC,TORRINGTON,First Name; Last Name
1922294685,"O.M.S. ASSOCIATES, P.C.",TORRINGTON,First Name; Last Name
1154721777,"PDC ASSOCIATES, LLC",TORRINGTON,First Name; Last Name
1366815276,"QUINN DENTAL, INC",TORRINGTON,First Name; Last Name
1477562031,RASHMI C PATEL DDS PC,TORRINGTON,First Name; Last Name
1003984824,TORRINGTON DENTAL CARE PC,TORRINGTON,First Name; Last Name
1588032700,"TORRINGTON DENTAL, LLC",TORRINGTON,First Name; Last Name
1679363618,"EAST HAVEN GENERAL AND IMPLANT DENTISTRY, PLLC",EAST HAVEN,First Name; Last Name
1538378088,"R.E.STELLER,D.M.D.,P.C.",EAST HAVEN,First Name; Last Name
1336471614,STAR DENTAL LLC,EAST HAVEN,First Name; Last Name
1386629020,"VANDLIK, FURINO, AND ASSOCIATES, LLC",EAST HAVEN,First Name; Last Name
1306011945,"CARING DENTAL GROUP, LLC",NEWTOWN,First Name; Last Name
1619061504,JOHN A DUDLEY DMD AND DEIDER M CONDON DMD LLC,NEWTOWN,First Name; Last Name
1467743518,"JOSHUA E. BAUM, DMD",NEWTOWN,First Name; Last Name
1417628397,"MYORTHOS CONNECTICUT ORTHODONTICS, P.C.",NEWTOWN,First Name; Last Name
1972047116,"NEWTOWN FAMILY DENTISTRY, LLC",NEWTOWN,First Name; Last Name
1497649115,SLEEP CONNECTICUT PLLC,NEWTOWN,First Name; Last Name
1538470232,C S VINCENT DMD LLC,NORWALK,First Name; Last Name
1598041154,DR DENTAL OF NORWALK PC,NORWALK,First Name; Last Name
1407182033,"DR. DENTAL OF CONNECTICUT, PC",STRATFORD,First Name; Last Name
1154591873,QUALITY DENTAL,NORWALK,First Name; Last Name
1912624842,SEUNG YUB SONG DDS LLC,NORWALK,First Name; Last Name
1831483312,"SONO DENTAL GROUP, LLC",NORWALK,First Name; Last Name
1023446093,LIFE LONG DENTAL CARE OF NORTHFORD LLC,NORTHFORD,First Name; Last Name
1316264823,NORTHFORD FAMILY DENTAL,NORTHFORD,First Name; Last Name
1811488356,"PROFESSIONAL DENTAL ALLIANCE OF NORTHFORD, PLLC",NORTHFORD,First Name; Last Name
1487900809,SUPERB DENTAL AESTHETICS LLC,NORTHFORD,First Name; Last Name
1295877199,"D'AGOSTINO FAMILY DENTAL, LLC",NORTH HAVEN,First Name; Last Name
1588141972,FANTARELLA DENTAL GROUP,NORTH HAVEN,First Name; Last Name
1699244822,NORTH HAVEN DENTISTS PLLC,NORTH HAVEN,First Name; Last Name
1962949206,NORTHHAVENFAMILYDENTAL,NORTH HAVEN,First Name; Last Name
1760431621,NOVA DENTAL LLC,NORTH HAVEN,First Name; Last Name
1194946046,"ROBERT D. ROSENBERG, D.D.S., P.C.",NORTH HAVEN,First Name; Last Name
1053132795,SPH NORTH HAVEN LLC,NORTH HAVEN,First Name; Last Name
1689399719,"VARSHA SALANI DMD, LLC",NORTH HAVEN,First Name; Last Name
1558506535,COMPLETE DENTAL SERVICE LLC,NAUGATUCK,First Name; Last Name
1326428889,CONNECTICUT CENTER FOR RESTORATIVE DENTISTRY,NAUGATUCK,First Name; Last Name
1598209017,DAWN M MIKAITIS DMD LLC,NAUGATUCK,First Name; Last Name
1043479199,"GEOFFREY M. DRAWBRIDGE, D.D.S., P.C.",NAUGATUCK,First Name; Last Name
1568699692,HENRY K. DANZIGER DDS,NAUGATUCK,First Name; Last Name
1700267846,BODNER AND BODNER- BRANFORD,BRANFORD,First Name; Last Name
1568794410,BRANFORD DENTAL CARE PARTNERSHIP,BRANFORD,First Name; Last Name
1396103255,"BRANFORD DENTAL GROUP, LLC",STRATFORD,First Name; Last Name
1518221092,"JAMES H. MENDILLO, DMD",BRANFORD,First Name; Last Name
1861779373,"JSAM, LLC",BRANFORD,First Name; Last Name
1255971297,MENDILLO FAMILY DENTISTRY PLLC,BRANFORD,First Name; Last Name
1205976123,NEW HAVEN DENTAL GROUP,BRANFORD,First Name; Last Name
1376836742,NORMA GOMEZ DDS AND ASSOCIATES LLC,BRANFORD,First Name; Last Name
1891135109,"SHORELINE DENTAL SLEEP THERAPY, LLC",BRANFORD,First Name; Last Name
1871623777,BROOKLAWN DENTAL ASSOCIATES PC,BRIDGEPORT,First Name; Last Name
1225629108,CAMPUS ORTHODONTICS PLLC,BRIDGEPORT,First Name; Last Name
1831476050,DENTAL CENTERS OF FAIRFILED COUNTY LLC,BRIDGEPORT,First Name; Last Name
1740626266,DOWNTOWN DENTAL P.C.,BRIDGEPORT,First Name; Last Name
1306269758,DR.DENTAL OF BRIDGEPORT PC,BRIDGEPORT,First Name; Last Name
1619864741,"EMME COALITION, INC",BRIDGEPORT,First Name; Last Name
1124308184,FAMILY DENTISTRY OF BRIDGEPORT P.C.,BRIDGEPORT,First Name; Last Name
1487038568,G&A FAMILY DENTISTRY PLLC,OCEANSIDE,First Name; Last Name
1497219489,JACKQUELINE MCLEAN DDS LLC,BRIDGEPORT,First Name; Last Name
1710191366,JEWISH HOME FOR THE ELDERLY OF FAIRFIELD COUNTY INCORPORATED,BRIDGEPORT,First Name; Last Name
1780930263,NORTH AVENUE ADVANCED DENTAL CENTER,BRIDGEPORT,First Name; Last Name
1871863613,"TETYANA POHORLETSKA ANDASSOCIATES, INC.",BRIDGEPORT,First Name; Last Name
1013731561,BROOKFIELD ORTHODONTICS,BROOKFIELD,First Name; Last Name
1366649188,BROOKFIELDFAMILYDENTALART,BROOKFIELD,First Name; Last Name
1689011033,"SCOTT A. BIALIK, DDS LLC",BROOKFIELD,First Name; Last Name
1982729158,THE DENTAL TEAM,BROOKFIELD,First Name; Last Name
1891244950,"ADULT AND PEDIATRIC DENTAL CARE OF WESTPORT,LLC",WESTPORT,First Name; Last Name
1457899874,ADVANCED DENTAL OF WESTPORT,WESTPORT,First Name; Last Name
1851921068,BROWDER FAMILY DENTISTRY,WESTPORT,First Name; Last Name
1225463268,"DENTAL CENTER OF WESTPORT GROUP, LLC",WESTPORT,First Name; Last Name
1336699396,DRIESMAN ORTHODONTICS,WESTPORT,First Name; Last Name
1669795381,"IMPERIAL DENTAL ASSOC., PC",WESTPORT,First Name; Last Name
1508554700,LIFE BRIDGE DENTAL CT PLLC,WESTPORT,First Name; Last Name
1508517756,ROCKWALL ORTHODONTICS INC,WESTPORT,First Name; Last Name
1104983345,THE DENTAL CENTER OF WESTPORT,WESTPORT,First Name; Last Name
1275580870,"WESTPORT DENTAL ASSOCIATES, P.C.",WESTPORT,First Name; Last Name
1710630066,WESTPORT FAMILY DENTAL ASSOCIATES PLLC,WESTPORT,First Name; Last Name
1275091274,MAKAR DENTAL LLC,STAMFORD,First Name; Last Name
1659010924,NEW CANAAN DENTAL ARTS PLLC,NEW CANAAN,First Name; Last Name
1689461139,RICHARD CHAE DDS PLLC,NEW CANAAN,First Name; Last Name
1114325925,APEX DENTAL LLC,HARTFORD,First Name; Last Name
1477823433,"BRIGHT DENTAL CLINIC, PC",HARTFORD,First Name; Last Name
1417317454,BRIGHT SMILES LLC,HARTFORD,First Name; Last Name
1548635899,CHARTER OAK DENTAL CENTER LLC,HARTFORD,First Name; Last Name
1225154446,CHARTER OAK HEALTH CENTER,HARTFORD,First Name; Last Name
1013290147,COMFORT DENTAL LLC,HARTFORD,First Name; Last Name
1528592581,CONFI DENTAL LLC,WALLINGFORD,First Name; Last Name
1699185264,"CREST FAMILY DENTAL, LLC",HARTFORD,First Name; Last Name
1932580347,CRYSTAL CLEAR FAMILY DENTISTRY OF CT,HARTFORD,First Name; Last Name
1609109214,"DENTAL DREAMS, LLC",HARTFORD,First Name; Last Name
1396051165,DENTAL GROUP OF HARTFORD PC,HARTFORD,First Name; Last Name
1427477884,DR RONALD PREIS,HARTFORD,First Name; Last Name
1255395141,"DRS. PADILLA & LEE, P.C.",HARTFORD,First Name; Last Name
1679822571,"FAMILY DENTISTRY OF HARTFORD, LLC",HARTFORD,First Name; Last Name
1922378256,"HARTFORD DENTAL CARE , LLC",HARTFORD,First Name; Last Name
1902683071,HARTFORD FAMILY DENTIST LLC,HARTFORD,First Name; Last Name
1295372712,HARTFORD SMILES CENTER PLLC,HARTFORD,First Name; Last Name
1295426963,MAGICLAND DENTAL LLC,HARTFORD,First Name; Last Name
1164719456,"ORAL CARE DENTAL GROUP II, LLC",HARTFORD,First Name; Last Name
1518234079,PARK STREET FAMILY DENTAL,HARTFORD,First Name; Last Name
1902053531,ROBERT J. MAILLOUX DMD,HARTFORD,First Name; Last Name
1871709725,"ESSENTIAL DENTAL, LLC",PLANTSVILLE,First Name; Last Name
1346127123,SOUTHINGTON DENTAL GROUP,PLANTSVILLE,First Name; Last Name
1396815148,SOUTHINGTON FAMILY DENTISTRY,PLANTSVILLE,First Name; Last Name
1164107579,"ANNA M. CHISILENCO RAHO DDS, LLC",MILFORD,First Name; Last Name
1679013361,AUTHENTIC SMILES LLC,MILFORD,First Name; Last Name
1528442548,CHRISTOPHER C. COGGUILLO DDS PC,MILDORD,First Name; Last Name
1578773396,CONNECTICUT DENTAL CARE P.C.,MILFORD,First Name; Last Name
1104436633,"CONNECTICUT DENTAL PROFESSIONALS, P.C.",MILFORD,First Name; Last Name
1881225878,"CONNECTICUT DENTAL PROFESSIONALS, P.C.",MILFORD,First Name; Last Name
1083848584,"COVEY & KWOCHKA,PC",MILFORD,First Name; Last Name
1285083600,DLV LLC,MILFORD,First Name; Last Name
1972390482,DWORKIN AND DWORKIN LLC,MILFORD,First Name; Last Name
1184364952,DWORKIN DENTAL,MILFORD,First Name; Last Name
1356562342,ENDODONTIC ASSOCIATES,MILFORD,First Name; Last Name
1811145857,FAIRFIELD PEDIATRIC DENTISTRY,MILFORD,First Name; Last Name
1669683553,FAMILY DENTAL GROUP MILFORD LLC,MILFORD,First Name; Last Name
1215365283,JEREMIAH LONG DMD PC,MILFORD,First Name; Last Name
1962952606,LODESTAR DENTAL LLC,NEW HAVEN,First Name; Last Name
1154745867,"MILFORD DENTAL SPECIALIST, P.C.",MILFORD,First Name; Last Name
1700085180,PERRY M OPIN DDS PC,MILFORD,First Name; Last Name
1134610660,"PROFESSIONAL DENTAL ALLIANCE OF MILFORD, PLLC",MILFORD,First Name; Last Name
1134884463,RELIABLE DENTAL MILFORD INC.,MILFORD,First Name; Last Name
1417290172,"ROBERT S RAUCH D.D.S.,PC",MILFORD,First Name; Last Name
1740418219,SENSITIVE CARE COSMETIC & FAMILY DENTISTRY LLC,MILFORD,First Name; Last Name
1265083554,SMARTDENTAL MILFORD LLC,MILFORD,First Name; Last Name
1992939060,"YOLANI P. EDIRISINGHE, DMD, LLC",MILFORD,First Name; Last Name
1629263850,BRASS MILL MALL DENTAL L.L.P,WATERBURY,First Name; Last Name
1912121856,"FRANKLIN MEDICAL GROUP, PC",WATERBURY,First Name; Last Name
1780686964,"FRANKLIN MEDICAL GROUP, PC",WATERBURY,First Name; Last Name
1356492185,ALAN D SCHUPACK DDS LLC,WALLINGFORD,First Name; Last Name
1336364512,"ALPHA DENTAL GROUP, P.C.",WALLINGFORD,First Name; Last Name
1194431056,CLOVER DENTAL CARE LLC,WALLINGFORD,First Name; Last Name
1598782948,MUNZENMAIER & FRIEL D.M.D LLC,WALLINGFORD,First Name; Last Name
1629313077,NOVA DENTAL EAST LLC,WALLINGFORD,First Name; Last Name
1093406860,QUINNIPIAC ENDO CT PC,WALLINGFORD,First Name; Last Name
1487364063,"QUINNIPIAC ENDO, PLLC",WALLINGFORD,First Name; Last Name
1720239361,"SMILEN DENTAL GROUP, P.C.",WALLINGFORD,First Name; Last Name
1558411058,WALLINGFORD DENTAL ASSOCIATES,WALLINGFORD,First Name; Last Name
1467997106,WOLFY DENTAL GROUP LLC,WALLINGFORD,First Name; Last Name
1265837082,BRIGHT DAYS DENTAL LLC,HAMDEN,First Name; Last Name
1164896841,EAST HAVEN DENTAL LLC,HAMDEN,First Name; Last Name
1033322805,FAMILY & ESTHETIC DENTISTRY OF HAMDEN LLC,HAMDEN,First Name; Last Name
1477998086,HAMDEN DENTAL CARE,HAMDEN,First Name; Last Name
1942755681,PARKWAY DENTAL HAMDEN PC,HAMDEN,First Name; Last Name
1619121613,PEARL DENTAL CARE,HAMDEN,First Name; Last Name
1144615493,YALE-NEW HAVEN HOSPITAL,HAMDEN,First Name; Last Name
1114577061,AARON M GROSS DMD LLC,HAMDEN,First Name; Last Name
1548339864,CONNECTICUT DENTAL GROUPS,WILLIMANTIC,First Name; Last Name
1497553150,"CONNECTICUT EAST DENTAL CENTER, LLC",VERNON,First Name; Last Name
1396860441,"GARY L. BERMAN, D.M.D.,PC",WILLIMANTIC,First Name; Last Name
1053000505,JOHN W STEVENS DDS PC,WILLIMANTIC,First Name; Last Name
1801036058,NEW WAY DENTAL SVCS LLC,WILLIMANTIC,First Name; Last Name
1194267781,RADIANZ DENTAL PC,WILLIMANTIC,First Name; Last Name
1942085873,RIVERVIEW DENTAL,WILLIMANTIC,First Name; Last Name
1639715766,"WILLIMANTIC SMILES, LLC",WILLIMANTIC,First Name; Last Name
1295187821,A VANDIVEER STRAIT JR,WILTON,First Name; Last Name
1548864218,D'ANDREA DENTAL P.C.,WILTON,First Name; Last Name
1538521703,"LONG ISLAND DENTIST, PC",WILTON,First Name; Last Name
1447428867,SMILE ART LLC,WILTON,First Name; Last Name
1164319307,THE CENTER FOR COMPLETE HEALTH DENTISTRY @ WILTON,WILTON,First Name; Last Name
1013387505,ADMIRE DENTAL LLC,BRISTOL,First Name; Last Name
1548666142,AWESOME SMILES,BRIDGEPORT,First Name; Last Name
1962617506,BRUSH & FLOSS DENTAL CENTER LLC,STRATFORD,First Name; Last Name
1104530674,DENTAL FLOSSOPHY LLC,STRATFORD,First Name; Last Name
1124316104,DR DENTAL OF STRATFORD,STRATFORD,First Name; Last Name
1124379151,DUSTIN F RABINE PP LLC,STRATFORD,First Name; Last Name
1659624393,ELM STREET DENTAL,STRATFORD,First Name; Last Name
1902589922,ELNAZER DMD,STRATFORD,First Name; Last Name
1942388210,GOLDBERG & MARCUS DENTAL ASSOCIATES PC,STRATFORD,First Name; Last Name
1578730578,HAWLEY LANE DENTAL LLC,STRATFORD,First Name; Last Name
1215596325,"LASTING SMILES OF STRATFORD, LLC",STRATFORD,First Name; Last Name
1427258300,"LIGHTHOUSE DENTAL CARE, LLC",STRATFORD,First Name; Last Name
1386035707,MODERN FAMILY DENTAL,STRATFORD,First Name; Last Name
1285040469,NEWFIELD DENTAL,STAMFORD,First Name; Last Name
1851788723,"NORTHEAST DENTAL OF STRATFORD,LLC",STRATFORD,First Name; Last Name
1689107534,PENTA DENTAL LC,STRATFORD,First Name; Last Name
1316184633,"SMILE MAKERS, LLC",STAMFORD,First Name; Last Name
1609886480,STRATFORD DENTAL CARE PC,STRATFORD,First Name; Last Name
1518482561,STRATFORD FAMILY DENTAL PC,STRATFORD,First Name; Last Name
1942911524,"STRATFORD SMILES, PLLC",STRATFORD,First Name; Last Name
1013125814,NEW HARTFORD DENTAL,NEW HARTFORD,First Name; Last Name
1528162633,EAST HADDAM DENTAL ASSOCIATES PC,MOODUS,First Name; Last Name
1447744891,"PEOPLESDENTAL, P.C.",MOODUS,First Name; Last Name
1639068786,ADVANCED DENTAL PLLC,MIDDLETOWN,First Name; Last Name
1659302065,"ALEC H. JARET, DMD, PC",MIDDLETOWN,First Name; Last Name
1073524385,APOLLONIA DENTAL LLC,MIDDLETOWN,First Name; Last Name
1801922877,BETSY A CROSSWELL DMD,MIDDLETOWN,First Name; Last Name
1952591851,COMMUNITY HEALTH CENTER INC,MIDDLETOWN,First Name; Last Name
1568409365,"COMMUNITY HEALTH CENTER, INC.",MIDDLETOWN,First Name; Last Name
1326645334,"CONNECTICUT DENTAL PROFESSIONALS, P.C.",MIDDLETOWN,First Name; Last Name
1770324212,DENTISTRYONE OF CONNECTICUT DEREK WEIGAND PC,MIDDLETOWN,First Name; Last Name
1750414488,DRYSGULA FAMILY DENTISTRY LLC,MIDDLETOWN,First Name; Last Name
1447303003,MICHAEL BRUGG DMD,MIDDLETOWN,First Name; Last Name
1114578663,MIDDESEX DENTAL SLEEP MEDICINE LLC,MIDDLETOWN,First Name; Last Name
1568538817,"MIDDLESEX DENTAL CARE, LLC",MIDDLETOWN,First Name; Last Name
1073695466,MIDDLETOWN DENTAL ASSOCIATES LLC,MIDDLETOWN,First Name; Last Name
1033553011,OAA LLC,MIDDLETOWN,First Name; Last Name
1083826127,ORTHODONTIC SPECIALISTS OF CENTRAL CONNECTICUT,MIDDLETOWN,First Name; Last Name
1679684757,"SHORELINE PERIODONTICS, PC",NEW LONDON,First Name; Last Name
1861888208,"WE CREATE SMILES II, LLC",MIDDLETOWN,First Name; Last Name
1871985945,"DR. DENTAL OF EAST HAVEN, PC",EAST HAVEN,First Name; Last Name
1104803444,FAIR HAVEN COMMUNITY HEALTH CLINIC INC,NEW HAVEN,First Name; Last Name
1811372469,"FAIR HAVEN COMMUNITY HEALTH CLINIC, INC",NEW HAVEN,First Name; Last Name
1982034658,FAIR HAVEN DENTAL LLC,NEW HAVEN,First Name; Last Name
1275884991,IFFAT NAZNEEN DDS LLC,NEW HAVEN,First Name; Last Name
1518354380,NEW HAVEN FAMILY DENTAL,NEW HAVEN,First Name; Last Name
1447750997,NEW HAVEN FAMILY DENTAL GROUP LLC,NEW HAVEN,First Name; Last Name
1912593609,NEWHAVENDENTAL LLC,NEW HAVEN,First Name; Last Name
1477664969,"CAROLYN J. MALON, DDS AND STEPHEN M. MORA",FARMINGTON,First Name; Last Name
1023155363,DENTAL ASSOCIATES,FARMINGTON,First Name; Last Name
1932276540,FARMINGTON DENTAL ASSOCIATES,FARMINGTON,First Name; Last Name
1245682830,"FARMINGTON FAMILY DENTISTRY, LLC",FARMINGTON,First Name; Last Name
1497857296,"FARMINGTON VILLAGE DENTAL ASSOCIATES, LLC",FARMINGTON,First Name; Last Name
1184371643,FLORENCE FAMILY DENTISTRY PLLC,FLORENCE,First Name; Last Name
1215149596,PETER PETERSON & JESSE SORRENTINO P.C.,FARMINGTON,First Name; Last Name
1841384476,PETER PETERSON & JESSE SORRENTINO PC,FARMINGTON,First Name; Last Name
1003200569,PURE DENTAL PC,FARMINGTON,First Name; Last Name
1407145204,"RENAISSANCE DENTAL GROUP, LLC",FARMINGTON,First Name; Last Name
1336653245,SMILES BY SUZY DENTAL PC,FARMINGTON,First Name; Last Name
1598918856,"VALDES-FERNANDEZ, PC",FARMINGTON,First Name; Last Name
1851507008,VALLEY ORTHODONTICS LLC,FARMINGTON,First Name; Last Name
1841486610,WESTFARMS MALL DENTAL L.L.P,FARMINGTON,First Name; Last Name
1881099802,"FREDERICK DANIELS,DDS,FAMILY DENTISTRY,LLC",TOLLAND,First Name; Last Name
1710344627,LIFE LONG DENTAL CARE OF TOLLAND LLC,TOLLAND,First Name; Last Name
1235620790,"PROFESSIONAL DENTAL ALLIANCE OF TOLLAND, PLLC",TOLLAND,First Name; Last Name
1972310647,"TOLLAND FAMILY DENTAL, LLC",TOLLAND,First Name; Last Name
1124132600,WINFIELD S DANIELSON JR DDS,TOLLAND,First Name; Last Name
1083424931,THOMPSON SMILES PLLC,NORTH GROSVENOR DALE,First Name; Last Name
1740225317,"ABBAS MOHAMMADI, D.D.S., P.C.",MANCHESTER,First Name; Last Name
1699814145,"ASSOCIATED DENTAL CARE, LLC",MANCHESTER,First Name; Last Name
1093502312,COLUMBIA IMPLANT CENTER LLC,MANCHESTER,First Name; Last Name
1134240922,COLUMBIA ORAL MAXILLOFACIAL IMAGING LLC,MANCHESTER,First Name; Last Name
1770814956,"CONNECTICUT FAMILY DENTISTRY, LLC",MANCHESTER,First Name; Last Name
1336613330,"DENTAL SLEEP PROVIDERS, LLC",MANCHESTER,First Name; Last Name
1083006431,"DR. DENTAL OF MANCHESTER, PC",MANCHESTER,First Name; Last Name
1356543268,"FAMILY SMILE CENTER, LLC",MANCHESTER,First Name; Last Name
1063754976,"GIL D. BOISONEAU, D.D.S.",MANCHESTER,First Name; Last Name
1356646962,HORNDMD&CAYEDDSLLC,MANCHESTER,First Name; Last Name
1770659138,"JEREMIAH N. O'DWYER, DDS, LLC",MANCHESTER,First Name; Last Name
1497156145,KANWARPAL SINGH DDS LLC,MANCHESTER,First Name; Last Name
1326317827,MANCHESTER FAMILY DENTAL LLC,MANCHESTER,First Name; Last Name
1174929970,MANCHESTER SMILES FAMILY AND IMPLANT DENTISTRY LLC,MANCHESTER,First Name; Last Name
1992117725,MATHEWS FAMILY DENTAL CENTER PC,MANCHESTER,First Name; Last Name
1316692106,PRISTINE SMILE DENTAL PLLC,MANCHESTER,First Name; Last Name
1720171499,"STANLEY PEARLSON DMD, PC",MANCHESTER,First Name; Last Name
1770024085,HWANG LONG TERM DENTAL,PROSPECT,First Name; Last Name
1750590329,JUDITH LOMBARDO DMD LLC DBA THOMASTON DENTAL ASSOCIATES,THOMASTON,First Name; Last Name
1619343621,"THOMASTON FAMILY DENTAL, LLC",THOMASTON,First Name; Last Name
1386902245,"ALAN P. FRIEDLER, D.M.D., P.C.",NEW HAVEN,First Name; Last Name
1801170923,CHARLES M SPATZ,NEW HAVEN,First Name; Last Name
1144532540,DRS. CAMARANO AND ROTHMAN,NEW HAVEN,First Name; Last Name
1093255663,FRIENDS AND FAMILY DENTAL CARE,NEW HAVEN,First Name; Last Name
1144729294,"IRA J ZEID DMD, LLC",NEW HAVEN,First Name; Last Name
1265853832,"JENNIFER Y. YOU, DMD, LLC",NEW HAVEN,First Name; Last Name
1487019121,L&M FAMILY DENTISTRY LLC,NEW HAVEN,First Name; Last Name
1093729071,"LEVY DENTAL GROUP, P.C.",NEW HAVEN,First Name; Last Name
1609916089,NEW HAVEN DENTAL GROUP,NEW HAVEN,First Name; Last Name
1245627561,NORTHEASR DENTAL OF LONG WHARF PC,NEW HAVEN,First Name; Last Name
1023419587,PARVEZ BAIG DMD CORPORATION,NEW HAVEN,First Name; Last Name
1508180753,"PROGRESSIVE DENTISTRY OF CT, P.C.",NEW HAVEN,First Name; Last Name
1730199407,"RONALD H. DELFINI, DDS, PC",NEW HAVEN,First Name; Last Name
1568603934,"WOLCOTT STREET DENTAL-1, PC",NEW HAVEN,First Name; Last Name
1790170033,YALE-NEW HAVEN HOSPITAL,NEW HAVEN,First Name; Last Name
1982171401,DR CAROL DERMESROPIAN PLLC,WATERBURY,First Name; Last Name
1558670430,WATERBURY DENTAL CARE P.C.,WATERBURY,First Name; Last Name
1114226255,"WATERBURY DENTAL CARE, P.C.",WATERBURY,First Name; Last Name
1184285611,ABOVE AND BEYOND DENTAL GROUP,QUAKER HILL,First Name; Last Name
1568674331,"ADVANTAGE DENTAL GROUP, LLC",EAST LYME,First Name; Last Name
1366198194,RESOLUTE BENAK,EAST LYME,First Name; Last Name
1790481612,RESOLUTE BENAK,EAST LYME,First Name; Last Name
1396390951,RESOLUTE FLANDERS LLC,EAST LYME,First Name; Last Name
1053505651,"ROOT CANAL SPECIALISTS, P.C.",EAST LYME,First Name; Last Name
1083244602,ZELMANOW DENTAL LLC,EAST LYME,First Name; Last Name
1093034621,NORTHEAST DENTAL SOLUTIONS LLC,BRIDGEPORT,First Name; Last Name
1588064349,"SIZ, LLC",BRIDGEPORT,First Name; Last Name
1619785870,BLOOMING SMILE DENTAL PC,MONROE,First Name; Last Name
1053175596,FATSE DENTAL CENTER LLC,MONROE,First Name; Last Name
1023235827,"JOHN G. FATSE, DMD, LLC",MONROE,First Name; Last Name
1033737457,"CONSTANT DENTAL CARE, PLLC",SOUTHINGTON,First Name; Last Name
1245107598,D&M HEALTH AND AESTHETICS PLLC,WEATOGUE,First Name; Last Name
1306860937,"ALAN B ROSENTHAL,DMD,PC",DARIEN,First Name; Last Name
1033536313,DARIEN DENTAL ARTS,DARIEN,First Name; Last Name
1083726749,ERVIN BROWN DMD & STEVEN J ROTHENBERG DMD LLP,DARIEN,First Name; Last Name
1043803406,HARBOR POINT DENTAL AT DARIEN PC,DARIEN,First Name; Last Name
1952972895,IDENT DENTAL AT DARIEN,DARIEN,First Name; Last Name
1194301036,IDENT PC,STAMFORD,First Name; Last Name
1184849713,MIDDLESEX DENTAL GROUP PC,DARIEN,First Name; Last Name
1033991021,MONARCH ORTHODONTICS CORPORATION,DARIEN,First Name; Last Name
1124881537,MYORTHOS CONNECTICUT ORTHODONTICS PC,TRUMBULL,First Name; Last Name
1396011920,NOROTON DENTAL ASSOCIATES LLC,DARIEN,First Name; Last Name
1679196679,PETER D MARO JR D M D M S P C,RYE,First Name; Last Name
1295936607,QUYNHCHI N VAN LANG DMD,DARIEN,First Name; Last Name
1316658594,SLEEP APNEA CENTER OF CONNECTICUT LLC,DARIEN,First Name; Last Name
1184485849,DR CHASE WHITLOW DDS PLLC,GREENWICH,First Name; Last Name
1295824720,DRS TREPP & MILLER PC,GREENWICH,First Name; Last Name
1437709821,GERALD COHEN DDS,GREENWICH,First Name; Last Name
1396169272,"GREENWICH DENTAL GROUP, LLC",GREENWICH,First Name; Last Name
1922670819,GREENWICH DENTAL LLC,GREENWICH,First Name; Last Name
1073105250,HARBOR POINT DENTAL AT GREENWICH PC,GREENWICH,First Name; Last Name
1407427347,IDENT DENTAL AT GREENWICH,GREENWICH,First Name; Last Name
1144528134,"RANDALL A. MOORE, DMD,PC",GREENWICH,First Name; Last Name
1053444794,"CARE DENTAL CENTER ,LLC",HARTFORD,First Name; Last Name
1992096887,HARTFORD GAY & LESBIAN HEALTH COLLECTIVE,HARTFORD,First Name; Last Name
1265620082,"HARTFORD SMILES YOUTH DENTISTRY, PC",HARTFORD,First Name; Last Name
1467526269,S D MINTATOS DMD MSD PC,HARTFORD,First Name; Last Name
1922451202,SHRINATH LLC,HARTFORD,First Name; Last Name
1477919058,SMILE BY DESIGN HARTFORD LLC,HARTFORD,First Name; Last Name
1245569748,"SPH2 ENTERPRISE, LLC",HARTFORD,First Name; Last Name
1043696107,WALNUT DENTAL,HARTFORD,First Name; Last Name
1013318963,"WALNUT DENTAL, INC",HARTFORD,First Name; Last Name
1962842948,"AMAZING SMILES DENTAL CARE, LLC",HARTFORD,First Name; Last Name
1518031343,CARE ENDODONTICS,HARTFORD,First Name; Last Name
1912156514,"CARE ENDODONTICS, P.C.",HARTFORD,First Name; Last Name
1649481482,CENTRAL CONNECTICUT DENTAL,HARTFORD,First Name; Last Name
1083237259,"DENTAL SMILES OF HARTFORD, PLLC",HARTFORD,First Name; Last Name
1447028154,DENTAL TEAM OF HARTFORD LLC,HARTFORD,First Name; Last Name
1619375813,ESTHETIC DENTAL GROUP LLC,SUFFIELD,First Name; Last Name
1295242238,FAMILY DENTISTRY OF HARTFORD PLLC,HARTFORD,First Name; Last Name
1639386634,"FARMINGTON AVENUE DENTAL CARE, PC",HARTFORD,First Name; Last Name
1295889897,"GARY S. MILLINGER, PC",HARTFORD,First Name; Last Name
1548026685,GORGEOUS SMILES DENTAL HARTFORD,HARTFORD,First Name; Last Name
1518256643,HARTFORD COSMETIC DENTAL CENTER,HARTFORD,First Name; Last Name
1609273580,"HARTFORD SMILES DENTAL GROUP, LLC",HARTFORD,First Name; Last Name
1033254602,NORMAN MENDLINGER DDS. P.C. DBA HARTFORD DENTAL GROUP,HARTFORD,First Name; Last Name
1770745242,RON ARBUCKLE DDS PC,HARTFORD,First Name; Last Name
1154814069,SIGNATURE SMILES OF HARTFORD LLC,HARTFORD,First Name; Last Name
1720386972,"SMALL SMILES DENTAL CENTER OF HARTFORD WEST, PC",HARTFORD,First Name; Last Name
1649482324,"ADVANTAGE DENTAL GROUP, LLC",NORWICH,First Name; Last Name
1598178477,"CARINA VERO VORA, DDS LLP",NORWICH,First Name; Last Name
1023100401,"DANIEL W. TRACY, III D.M.D., P.C.",NORWICH,First Name; Last Name
1982912382,"DR SAMI A. YOUSUF, DDS, INC",NORWICH,First Name; Last Name
1225249063,EASTERN CONNECTICUT DENTAL,NORWICH,First Name; Last Name
1053754929,FAMILY ORTHODONTIC CARE,NORWICH,First Name; Last Name
1699811075,"LAFAYETTE DENTAL GROUP, PC",NORWICH,First Name; Last Name
1063004554,"MOHAN & VIRANI DDS, LLC",NORWICH,First Name; Last Name
1235899816,MYORTHOS CONNECTICUT ORTHODONTICS PC,WATERFORD,First Name; Last Name
1386755742,NORWICH FAMILY DENTAL ASSOCIATES,NORWICH,First Name; Last Name
1558670471,NORWICH SMILES FAMILY DENTISTRY,NORWICH,First Name; Last Name
1760416176,"UNITED COMMUNITY AND FAMILY SERVICES, INC",NORWICH,First Name; Last Name
1538641873,ACER DENTAL LLC,NEW BRITAIN,First Name; Last Name
1962863043,"ALL SMILE CARE, LLC",NEW BRITAIN,First Name; Last Name
1831733062,ALPHA DENTAL PLLC,NEW BRITAIN,First Name; Last Name
1013457266,APPLE DENTAL LLC,NEW BRITAIN,First Name; Last Name
1821421827,"B & R DENTAL, LLC",NEW BRITAIN,First Name; Last Name
1619440732,CHARTER OAK DENTAL CENTER LL LLC,NEW BRITAIN,First Name; Last Name
1396562419,DENTIST IN NEW BRITAIN LLC,NEW BRITAIN,First Name; Last Name
1669772018,"GLOBUS DENTAL, PC",NEW BRITAIN,First Name; Last Name
1740678721,GLOBUS FAMILY DENTAL INC,NEW BRITAIN,First Name; Last Name
1558727131,"KIDS DENTAL CARE NEW BRITAIN, LLC",NEW BRITAIN,First Name; Last Name
1184300402,MD MAULE DMD MBA LLC,NEW BRITAIN,First Name; Last Name
1013068832,NEW BRITAIN DENTAL ARTS LLC,NEW BRITAIN,First Name; Last Name
1407698871,NEW BRITAIN PEDIATRIC DENTISTRY PLLC,NEW BRITAIN,First Name; Last Name
1790928786,NEWBRITE PLAZA FAMILY DENTAL,NEW BRITAIN,First Name; Last Name
1215313754,OM DENTAL LLC,NEW BRITAIN,First Name; Last Name
1740907419,QUINNIPIAC ENDODONTICS - NEW BRITAIN PLLC,NEW BRITAIN,First Name; Last Name
1780092445,"QUINNIPIAC ENDODONTICS, LLC",NEW BRITAIN,First Name; Last Name
1346966439,ROYAL DENTAL AND IMPLANT CENTER LLC,NEW BRITAIN,First Name; Last Name
1295028942,WEST MAIN DENTAL LLC,NEW BRITAIN,First Name; Last Name
1285925362,WEST MAIN DENTAL PC,NEW BRITAIN,First Name; Last Name
1013158484,"WOLCOTT STREET DENTAL-1, PC",NEW BRITAIN,First Name; Last Name
1730719279,BARTLEY DENTISTRY,WINDSOR,First Name; Last Name
1659601557,COMPREHENSIVE GERIATRIC DENTAL CARE LLC,WINDSOR,First Name; Last Name
1821217399,DAY HILL DENTAL PLLC,WINDSOR,First Name; Last Name
1770758674,FAMILY DENTISTRY OF WINDSOR PC,WINDSOR,First Name; Last Name
1346233061,JORDAN & YOUNG DENTAL. L.L.C.,WINDSOR,First Name; Last Name
1871668731,NEW ENGLAND DENTAL CENTER,WINDSOR,First Name; Last Name
1952027153,NEW ENGLAND ENDODONTICS PC,WINDSOR,First Name; Last Name
1598433971,"NUTMEG ORTHODONTICS, LLC",WINDSOR,First Name; Last Name
1578943528,ROBERTA J GARCEAU DMD LLC,WINDSOR,First Name; Last Name
1861905036,"SMILES OF WINDSOR, LLC",WINDSOR,First Name; Last Name
1417312430,STEVEN W FARLEY DDS PC,WINDSOR,First Name; Last Name
1790951762,WINDSOR FAMILY DENTISTS,WINDSOR,First Name; Last Name
1730917576,WINDSOR IMPLANT & COSMETIC DENTISTRY,WINDSOR,First Name; Last Name
1043436306,DASILVA DENTAL LLC,EAST WINDSOR,First Name; Last Name
1790004885,"MY ENFIELD DENTIST, LLC",EAST WINDSOR,First Name; Last Name
1275774150,ALL ABOUT SMILES LLC,WINDSOR LOCKS,First Name; Last Name
1801550629,ALL SMILES OF CONNECTICUT PLLC,WINDSOR LOCKS,First Name; Last Name
1104833862,"HEALTHY SMILES DENTAL CARE, P.C.",WINDSOR LOCKS,First Name; Last Name
1467578070,"ROBERT W. ZEBROWSKI, D.M.D., L.L.C.",WINDSOR LOCKS,First Name; Last Name
1689689382,"THOMAS J. YANIK, DDS PC",WINDSOR LOCKS,First Name; Last Name
1881859809,WINDSOR LOCKS DENTAL CARE LLC,WINDSOR LOCKS,First Name; Last Name
1851534069,DR. QUN ZENG DDS PC,EAST HARTFORD,First Name; Last Name
1801918818,"DRS. WERNICK & DYM, P.C.",EAST HARTFORD,First Name; Last Name
1487004586,"TOOTH TIME DENTISTRY, LLC",EAST HARTFORD,First Name; Last Name
1326306945,"WHITE DENTAL, LLC",EAST HARTFORD,First Name; Last Name
1376652958,NIANTIC DENTAL ASSOCIATES PC,NIANTIC,First Name; Last Name
1649678376,AD DENTAL PC,PUTNAM,First Name; Last Name
1053739292,"ADVANCED ORTHODONTICS,LLC",PUTNAM,First Name; Last Name
1720760598,AZ DENTAL PLLC,PUTNAM,First Name; Last Name
1568575405,"DRS. MANZOLI & RUSSO, PC",PUTNAM,First Name; Last Name
1699486852,GREEN VALLEY ORTHODONTICS PLLC,PUTNAM,First Name; Last Name
1639219140,"NORTHEAST CONNECTICUT DENTAL ASSOCIATES, INC.",PUTNAM,First Name; Last Name
1154681948,PUTNAM FAMILY DENTAL,PUTNAM,First Name; Last Name
1376754564,PUTNAM FAMILY DENTAL PC,PUTNAM,First Name; Last Name
1346607389,UNIQUE DENTAL LLC,PUTNAM,First Name; Last Name
1902006802,WALTER P & CAROLYN E MCGINN DMD PC,PUTNAM,First Name; Last Name
1861789034,"BRIDGEPORT DENTAL CARE, LLC",BRIDGEPORT,First Name; Last Name
1255084422,"DREAM HIGH DENTAL ANESTHESIA, LLC",BRIDGEPORT,First Name; Last Name
1982149522,GHORBANI - MOHAMMADI DENTAL P.C.,BRIDGEPORT,First Name; Last Name
1467886614,ISMILE ORTHODONTICSOF LLC,BRIDGEPORT,First Name; Last Name
1194193094,"SPH BRIDGEPORT, LLC",BRIDGEPORT,First Name; Last Name
1609199074,SPH ENTERPRISE LLC,BRIDGEPORT,First Name; Last Name
1538392170,"WOLCOTT STREET DENTAL-2, PC",BRIDGEPORT,First Name; Last Name
1821216441,DANA C JONES DDS PC,RIDGEFIELD,First Name; Last Name
1083749972,FAMILY PRACTICE DENTISTRY,RIDGEFIELD,First Name; Last Name
1982423778,FAMILY PRACTICE DENTISTRY OF RIDGEFIELD LLC,RIDGEFIELD,First Name; Last Name
1174020630,HOME TOWN DENTAL INC,RIDGEFIELD,First Name; Last Name
1194142984,"NEW SMILE DENTAL, LLC",RIDGEFIELD,First Name; Last Name
1811488372,"PROFESSIONAL DENTAL ALLIANCE OF RIDGEFIELD, PLLC",RIDGEFIELD,First Name; Last Name
1225131766,RANDALL G BALDWIN DMD PC,RIDGEFIELD,First Name; Last Name
1609016963,TOOTH FAIRY PEDIATRIC DENTISTRY,RIDGEFIELD,First Name; Last Name
1174907331,CT BRACES STAMFORD ORTHODONTICS PC,STAMFORD,First Name; Last Name
1518247949,"CT BRACES, LLC",STAMFORD,First Name; Last Name
1376789966,FAMILY DENTAL PRACTICE PC,STAMFORD,First Name; Last Name
1063758183,SHIPPAN DENTAL CENTER,STAMFORD,First Name; Last Name
1538554647,"FAMILY & PREVENTIVE DENTISTRY, PC",WOODBURY,First Name; Last Name
1003212937,"KELLY PALCHIK DMD, PC",WOODBURY,First Name; Last Name
1750599270,"LANCE E. BANWELL,DDS,PC",WOODBURY,First Name; Last Name
1871714147,KEITH H. WADE DMD PC,BETHLEHEM,First Name; Last Name
1699213025,A SHORE DENTAL LLC,OLD SAYBROOK,First Name; Last Name
1417152786,"CRAIG S. WILSON, D.D.S., LLC",OLD SAYBROOK,First Name; Last Name
1952950735,"LASTING SMILES OF SAYBROOK, LLC",OLD SAYBROOK,First Name; Last Name
1275871717,LIFE LONG DENTAL CARE,OLD SAYBROOK,First Name; Last Name
1235620774,"PROFESSIONAL DENTAL ALLIANCE OF OLD SAYBROOK, PLLC",OLD SAYBROOK,First Name; Last Name
1174724801,RICHARD P BENOIT DMD PC,OLD SAYBROOK,First Name; Last Name
1467658161,RICK MORANT DMD MS LLC,OLD SAYBROOK,First Name; Last Name
1336551241,SAMSON DENTAL,OLD SAYBROOK,First Name; Last Name
1134477532,SHORELINE MODERN DENTAL LLC,OLD SAYBROOK,First Name; Last Name
1972871135,WILFORD SAMSON FAMILY DENTISTRY,OLD SAYBROOK,First Name; Last Name
1174663579,NEW HAVEN DENTAL GROUP,WOODBRIDGE,First Name; Last Name
1780092171,KENNETH R. CAPOZZI DDS LLC,PROSPECT,First Name; Last Name
1558618025,PRICELESS DENTAL CARE P.C.,PROSPECT,First Name; Last Name
1215166301,UNITED DENTAL RESOURCES LLC,PROSPECT,First Name; Last Name
1396048849,UNITED HEALTH RESOURCES,PROSPECT,First Name; Last Name
1043327232,AMITY DENTAL CARE INC,BETHANY,First Name; Last Name
1609416999,MOBILE DENTAL CARE ASSOCIATE LLC,BETHANY,First Name; Last Name
1184416554,SLEEP CONNECTICUT PLLC,BRISTOL,First Name; Last Name
1275998031,HEBRON DENTISTRY PC,HEBRON,First Name; Last Name
1659250058,HEBRON FAMILY DENTIST PLLC,HEBRON,First Name; Last Name
1730390576,NORTHEAST CONNECTICUT DENTAL,HEBRON,First Name; Last Name
1750676102,RANEY ORTHODONTICS,HEBRON,First Name; Last Name
1285874750,"FRANCIS SHIN, D.D.S., P.C.",COS COB,First Name; Last Name
1770020042,SHORE ENDODONTICS,COS COB,First Name; Last Name
1568522241,DAMIAN F GALBO DDS PC,BETHEL,First Name; Last Name
1679960280,ELITE DENTAL CARE,BETHEL,First Name; Last Name
1861609646,NICHOLAS J BORRELLO DDS PC,BETHEL,First Name; Last Name
1255086229,REJUVENATE DENTAL ARTS PC,BETHEL,First Name; Last Name
1275606840,"SANGIACOMO AND PERROTTA, D.M.D., LLC",BETHEL,First Name; Last Name
1477090199,SLEEP WELL CENTER OF CONNECTICUT,BETHEL,First Name; Last Name
1851853618,STONY HILL DENTAL CARE PLLC,BETHEL,First Name; Last Name
1740489434,COMMUNITY HEALTH SERVICES,HARTFORD,First Name; Last Name
1477878973,"WOLCOTT STREET DENTAL-2, PC",HARTFORD,First Name; Last Name
1861406639,"CAPITOL DENTAL ASSOCIATES, LLC",HARTFORD,First Name; Last Name
1255138186,NUTMEG FAMILY DENTISTRY PC,HARTFORD,First Name; Last Name
1295374296,THE SMILE STUDIO AT BUSHNELL PARK,HARTFORD,First Name; Last Name
1871052746,DR. H DENTAL CARE LLC,RIVERSIDE,First Name; Last Name
1881839660,ADVANCED DENTAL OFFICE,STAMFORD,First Name; Last Name
1144182478,"ASTUR DENTAL, PC",STAMFORD,First Name; Last Name
1437601275,BNY DENTAL P.C.,STAMFORD,First Name; Last Name
1043470545,"CLABAUGH & TRENTALANCIA, PC",STAMFORD,First Name; Last Name
1144410010,DENTAL CARE KIDS,STAMFORD,First Name; Last Name
1720005168,DENTAL CARE OF STAMFORD,STAMFORD,First Name; Last Name
1750976536,DENTAL CARE ORTHODONTIST,STAMFORD,First Name; Last Name
1427661453,DR. SHPORTKO PLLC,STAMFORD,First Name; Last Name
1134774847,DULCET DENTAL SMILES PC,STAMFORD,First Name; Last Name
1619362571,EDWARD SHUKOVSKY,STAMFORD,First Name; Last Name
1871626671,FAIRFIELD ENDODONTICS PC,STAMFORD,First Name; Last Name
1629294517,"FRANK A. SESSA, D.D.S., P.C.",STAMFORD,First Name; Last Name
1972920957,GETZ DENTAL PARTNERS,STAMFORD,First Name; Last Name
1710239629,JOSEPH DEFILIPPO DDS PC,STAMFORD,First Name; Last Name
1831403153,NEW ENGLAND ORTHODONTICS PLLC,STAMFORD,First Name; Last Name
1033510474,"PEARL DENTAL OF STAMFORD, PC",STAMFORD,First Name; Last Name
1558364091,"PERIODONTAL ASSOCIATES, LLC",STAMFORD,First Name; Last Name
1760893093,SMART FAMILY DENTAL PC,STAMFORD,First Name; Last Name
1700752276,STAMFORD DENTAL CARE PLLC,STAMFORD,First Name; Last Name
1679024582,STAMFORD DENTAL MEDICINE,STAMFORD,First Name; Last Name
1053524470,THOMAS M OHLSON DDS & ASSOC. PC,STAMFORD,First Name; Last Name
1124223268,STEVEN REGENSTEIN DDS PC,NEW YORK,First Name; Last Name
1538318936,"AMERODENTAL, LLC",NEWINGTON,First Name; Last Name
1780601492,"CHRISTOPHER A.MAY, D.M.D., P.C.",NEWINGTON,First Name; Last Name
1134663578,"EAST CEDAR DENTAL, INC.",NEWINGTON,First Name; Last Name
1457739765,ELITE FAMILY DENTISTRY,NEWINGTON,First Name; Last Name
1164567111,FAMILY DENTAL PRACTICE OF NEWINGTON,NEWINGTON,First Name; Last Name
1548530512,GLOBUS DENTAL NEWINGTON CORP,NEWINGTON,First Name; Last Name
1528286721,JEROME A STIEN DDS PC,NEWINGTON,First Name; Last Name
1568978476,MODERN ORTHODONTICS LLC,SOUTHINGTON,First Name; Last Name
1881311280,MSDA PLLC,NEWINGTON,First Name; Last Name
1578193397,"NEWINGTON DENTAL CARE, PLLC",NEWINGTON,First Name; Last Name
1982179990,NEWINGTON DENTISTRY AND BRACES INC,NEWINGTON,First Name; Last Name
1588933832,THE DENTAL CENTER LLC,NEWINGTON,First Name; Last Name
1043428683,THE DENTIST LLC,NEWINGTON,First Name; Last Name
1326404039,"COHEN ORTHODONTICS, PC",SOUTH WINDSOR,First Name; Last Name
1285002063,DANIEL M SEGAL,SOUTH WINDSOR,First Name; Last Name
1750302980,"DENTAL SERVICES OF SOUTH WINDSOR, LLC",SOUTH WINDSOR,First Name; Last Name
1881279404,DENTAL TEAM OF SOUTH WINDSOR,SOUTH WINDSOR,First Name; Last Name
1457641136,"EVERGREEN DENTAL GROUP, LLC",SOUTH WINDSOR,First Name; Last Name
1902814692,GRILLI FAMILY DENTAL CARE LLC,SOUTH WINDSOR,First Name; Last Name
1164877098,"GRILLO DENTAL, L.L.C.",SOUTH WINDSOR,First Name; Last Name
1891386744,"LARISA SOKOLSON, PLLC",SOUTH WINDSOR,First Name; Last Name
1477726552,LAWRENCE J ANDRUS DDS,SOUTH WINDSOR,First Name; Last Name
1942526710,"ROBERT N. BURSTEIN, DDS",SOUTH WINDSOR,First Name; Last Name
1437319860,RUBIN DENTAL PRACTICE,SOUTH WINDSOR,First Name; Last Name
1871993766,"RUBIN FAMILY DENTISTRY & ASSOCIATES, LLC",SOUTH WINDSOR,First Name; Last Name
1447786439,SARA E CURCIO DMD,SOUTH WINDSOR,First Name; Last Name
1578389730,SIMMETRY DENTAL DESIGN STUIDO LLC,SOUTH WINDSOR,First Name; Last Name
1336832641,"SOUTH WINDSOR PERIO, PLLC",SOUTH WINDSOR,First Name; Last Name
1174225759,SW SMILES PLLC,SOUTH WINDSOR,First Name; Last Name
1477681237,WALTER PIEROG DMD,SOUTH WINDSOR,First Name; Last Name
1467659284,"ESSEX FAMILY DENTISTRY, LLC",ESSEX,First Name; Last Name
1205563822,"DENTAL VISION,PC",DERBY,First Name; Last Name
1215634886,"DERBYDDS, P.C.",DERBY,First Name; Last Name
1912249517,DR.DENTAL OF DERBY P.C.,DERBY,First Name; Last Name
1881930501,FAMILY DENTISTRY OF DERBY P.C,DERBY,First Name; Last Name
1053795070,ORANGE CENTER DENTISTRY PC,DERBY,First Name; Last Name
1154144970,PRESTO DENTAL PLLC,DERBY,First Name; Last Name
1134478647,ROBERT E. SMITH DDS MPH,DERBY,First Name; Last Name
1629005574,"DAVID D. MILLEN, D.M.D. PC",ANSONIA,First Name; Last Name
1194997452,"MARSHALL S. GREENBERG, D.M.D., P.C.",ANSONIA,First Name; Last Name
1962625749,"RICHARD A. BROGADIR, D.M.D. P.C.",ANSONIA,First Name; Last Name
1194849356,SOUTHERN CONNECTICUT DENTAL GROUP PC,ANSONIA,First Name; Last Name
1760696595,"ADVANTAGE DENTAL GROUP, LLC",NORTH STONINGTON,First Name; Last Name
1700472677,BETHANEY B BRENNER DMD LLC,BURLINGTON,First Name; Last Name
1790080265,DAVID SCHWABER D.D.S.,BURLINGTON,First Name; Last Name
1902602394,"ELITE SMILES ARTISTRY, PLLC",BURLINGTON,First Name; Last Name
1477657732,ASSOCIATES IN DENTISTRY PC,ENFIELD,First Name; Last Name
1548274814,DONALD J BUCALO DDS AND LYNNE B BUCALO DDS PC,ENFIELD,First Name; Last Name
1629198361,"DR, JOHN A. SALIUS, P.C.",ENFIELD,First Name; Last Name
1629087382,DR. PATEL'S ENFIELD FAMILY DENTAL,ENFIELD,First Name; Last Name
1366761157,ENFIELD PLAZA FAMILY DENTAL,ENFIELD,First Name; Last Name
1528070026,FAMILY DENTAL CENTER OF CONNECTICUT,ENFIELD,First Name; Last Name
1750497699,GUS J PAPPAS THEODORE J PAPPAS,ENFIELD,First Name; Last Name
1720653728,NEOP LLC,SPRINGFIELD,First Name; Last Name
1881870590,"RASHMI C. PATEL, DDS, ENFIELD, LLC",ENFIELD,First Name; Last Name
1689064669,SMILEORA LLC,ENFIELD,First Name; Last Name
1720422892,TONY HILL DMD INC,ENFIELD,First Name; Last Name
1922269257,"WILLIAM R. CUMMISKEY, DDS, LLC",ENFIELD,First Name; Last Name
1235621764,C&S FAMILY DENTAL NEW BRITAIN,NEW BRITAIN,First Name; Last Name
1700768868,CORBIN DENTAL LLC,NEW BRITAIN,First Name; Last Name
1487855243,KOCHANOWSKY & TRUSCINSKI PC,NEW BRITAIN,First Name; Last Name
1528841996,"CLOVE FAMILY DENTISTRY, INC",NEW BRITAIN,First Name; Last Name
1588728851,GLADSTEIN DENTAL CENTER LLC,NEW BRITAIN,First Name; Last Name
1053928911,HAN ANESTHESIOLOGY PLLC,CORINTH,First Name; Last Name
1306906367,LEXINGTON DENTAL ASSOCIATES PC,NEW BRITAIN,First Name; Last Name
1225546567,PEDIATRIC DENTISTRY AND ORTHODONTICS PLLC,NEW BRITAIN,First Name; Last Name
1750466827,PERIODONTAL ASSOCIATES,NEW BRITAIN,First Name; Last Name
1174166631,ADVANCE DENTAL CLINIC PC,EAST HARTFORD,First Name; Last Name
1154757185,AMAZING SMILE FAMILY DENTISTERY,EAST HARTFORD,First Name; Last Name
1740858125,BEST DENTAL LLC,WATERBURY,First Name; Last Name
1417163122,"BURNSIDE DENTAL CARE, PC",EAST HARTFORD,First Name; Last Name
1285867796,"CONNECTIDENT, LLC",EAST HARTFORD,First Name; Last Name
1760716401,DR. ALTMAN AND DR. KWON DENTAL GROUP,EAST HARTFORD,First Name; Last Name
1841568201,EAST HARTFORD ORTHODONTICS,EAST HARTFORD,First Name; Last Name
1669726931,KHAKWANI DENTAL PC.,EAST HARTFORD,First Name; Last Name
1033622246,MAGICLAND PEDIATRIC DENTAL LLC,WATERBURY,First Name; Last Name
1972862266,"MERIDEN DENTAL ASSOCIATES, LLC",EAST HARTFORD,First Name; Last Name
1285815316,"MICHAEL K HWANG, DMD, LLC",EAST HARTFORD,First Name; Last Name
1003147596,"RICHARD P. LASNIER DMD,PC",EAST HARTFORD,First Name; Last Name
1487874517,VEENA NANDA DMD LLC,E HARTFORD,First Name; Last Name
1013129063,"AMITA AGGARWAL, DMD, LLC",PORTLAND,First Name; Last Name
1477793412,"KHUSHI, LLC",PORTLAND,First Name; Last Name
1629364997,"NEW LONDON DENTAL CARE, LLC",NEW LONDON,First Name; Last Name
1174605562,PORTLAND DENTAL CARE LLC,PORTLAND,First Name; Last Name
1922571942,"RASHMI, LLC",PORTLAND,First Name; Last Name
1558687103,SPH2 ENTERPRISE LLC,MERIDEN,First Name; Last Name
1972893352,"SPH3 ENTERPRISE, LLC",MANCHESTER,First Name; Last Name
1346600368,THALODY FAMILY DENTISTRY LLC,PORTLAND,First Name; Last Name
1881078327,"WATERVIEW DENTAL GROUP, LLC",PORTLAND,First Name; Last Name
1013037308,NORTH BRANFORD DENTAL GROUP PC,NORTH BRANFORD,First Name; Last Name
1215457551,"ADVANCED DENTAL SLEEP MEDICINE OF CONNECTICUT, PC",NEW HAVEN,First Name; Last Name
1730439548,"NEW HAVEN PROSTHODONTICS, PC",NEW HAVEN,First Name; Last Name
1114312469,YALE-NEW HAVEN HOSPITAL,NEW HAVEN,First Name; Last Name
1457767931,CHAPEL STREET DENTAL P.C.,NEW HAVEN,First Name; Last Name
1578955860,"DR. DENTAL OF CHURCH STREET, PC",NEW HAVEN,First Name; Last Name
1952595001,"ENDODONTICARE, P.C.",NEW HAVEN,First Name; Last Name
1578605960,SHORELINE DENTAL ASSOCIATES,OLD LYME,First Name; Last Name
1538696026,"SHORELINE FAMILY DENTAL, LLC",OLD LYME,First Name; Last Name
1730390352,"ELLINGTON DENTAL ASSOCIATES, P.C.",ELLINGTON,First Name; Last Name
1225399108,ENDODONTIC SPECIALISTS LLC,ELLINGTON,First Name; Last Name
1003709734,MEADOWLAND DENTAL PLLC,EAST LONGMEADOW,First Name; Last Name
1760535231,"ZAHNER DENTAL, LLC",ELLINGTON,First Name; Last Name
1164822466,"FOUR TOWN DENTAL CARE, LLC",SOMERS,First Name; Last Name
1881803179,JAMES P. FITZGERALD,SOMERS,First Name; Last Name
1659724896,'THAMES RIVER DENTAL GROUP,NEW LONDON,First Name; Last Name
1134248651,DRS. MATYAS & MATYAS,NEW LONDON,First Name; Last Name
1831263862,ELLIOT H KIMMEL & ASSOCIATES PC,NEW LONDON,First Name; Last Name
1437367158,ENDODONTICS PC,NEW LONDON,First Name; Last Name
1740613165,KOZLOWSKI ORTHODONTICS,NEW LONDON,First Name; Last Name
1760140883,"MATYAS FAMILY DENTAL, PLLC",NEW LONDON,First Name; Last Name
1427563956,NEW LONDON FAMILY DENTISTRY & IMPLANTS,NEW LONDON,First Name; Last Name
1487872883,"ORAL CARE DENTAL GROUP II, LLC",NEW LONDON,First Name; Last Name
1134272511,"PAUL HANNA D.M.D., P.C.",NEW LONDON,First Name; Last Name
1669751939,PROFESSIONAL ENDODONTICS LL,NEW LONDON,First Name; Last Name
1639555451,REIDVILLE DENTISTRY & IMPLANTS,WATERBURY,First Name; Last Name
1801446869,"RESOLUTE BPW, LLC",WATERFORD,First Name; Last Name
1700053709,"ROBERT S. CARNEVALE, DMD, PC",NEW LONDON,First Name; Last Name
1518389618,SMILES OF HARTFORD LLC,NEW LONDON,First Name; Last Name
1568013001,"CPDENTAL, PLLC",SOUTHPORT,First Name; Last Name
1568583599,SALVATORE M PIZZINO & ASSOCIATES,SOUTHPORT,First Name; Last Name
1205303856,"SOUTHPORT SMILES DENTISTRY, P.C.",SOUTHPORT,First Name; Last Name
1497800114,SOUTHPORT SMILES P.C.,SOUTHPORT,First Name; Last Name
1902324650,"HS SMILES,LLC",WEST REDDING,First Name; Last Name
1093348757,ADVANCE DENTAL CARE PC,WEST HARTFORD,First Name; Last Name
1366545931,ASSOCIATES IN ENDODONTICS PC,WEST HARTFORD,First Name; Last Name
1013023050,"ASSOCIATES IN PERIODONTICS, PC",WEST HARTFORD,First Name; Last Name
1174814495,BLUE BACK DENTAL LLC,WEST HARTFORD,First Name; Last Name
1952139966,"GOGGANS DENTAL ASSOCIATES OF CONNECTICUT, P.C.",WEST HARTFORD,First Name; Last Name
1851720130,"JEANNE P. STRATHEARN, DDS, PC",WEST HARTFORD,First Name; Last Name
1013282698,KATZ FAMILY DENTAL LLC,WEST HARTFORD,First Name; Last Name
1558745539,NEW AGE DENTAL LLC,WEST HARTFORD,First Name; Last Name
1346793429,PEOPLE'S DENTAL,WEST HARTFORD,First Name; Last Name
1891005005,PETER S KATZ DMD,WEST HARTFORD,First Name; Last Name
1376684886,"RICHARD J. FAIRBROTHER, DMD, LLC",WEST HARTFORD,First Name; Last Name
1356487102,ROSENBERG ORTHODONTICS PC,WEST HARTFORD,First Name; Last Name
1316126527,SMITH AND DELANEY DENTISTRY,WEST HARTFORD,First Name; Last Name
1922129857,SOROKIN AND BERMAN P.C.,WEST HARTFORD,First Name; Last Name
1023205176,"STANLEY FELLMAN & JEANNE STRATHEARN, D.D.S.",WEST HARTFORD,First Name; Last Name
1871096123,"STUART M. SHOFLICK, DMD, PLLC",WEST HARTFORD,First Name; Last Name
1043576085,W.H. HAMPTONS DENTAL GROUP LLC,WEST HARTFORD,First Name; Last Name
1598328874,WEST HARTFORD DENTAL GROUP PLLC,WEST HARTFORD,First Name; Last Name
1124643986,NFD,SOUTH GLASTONBURY,First Name; Last Name
1376279158,ALIGN DENTAL OF MANCHESTER PC,MANCHESTER,First Name; Last Name
1942352059,CONNECTICUT ENDODONTIC ASSOCIATES P.C.,MANCHESTER,First Name; Last Name
1235474388,"GLOBUS DENTAL ASSOCIATES MANCHESTER, PC",MANCHESTER,First Name; Last Name
1255027850,"GORGEOUS SMILES DENTAL, PC",MANCHESTER,First Name; Last Name
1396246708,KENNETH M. LARO DMD LLC,MANCHESTER,First Name; Last Name
1407572605,NEW ENGLAND ENDODONTICS PC,MANCHESTER,First Name; Last Name
1184925257,PATRICK DERMESROPIAN PC,MANCHESTER,First Name; Last Name
1346074143,PERFECT SMILE DENTAL PC,MANCHESTER,First Name; Last Name
1366653933,SALVATORE JAMES SQUATRITO JR DDS PC,MANCHESTER,First Name; Last Name
1184093197,"SIGNATURE SMILES, LLC",MANCHESTER,First Name; Last Name
1790084622,ERNEST D. REAMER DMD PC,CENTERBROOK,First Name; Last Name
1265942676,ADVANCED DENTAL OF CROMWELL LLC,CROMWELL,First Name; Last Name
1043357825,"CROMWELL FAMILY DENTAL, PC",CROMWELL,First Name; Last Name
1508271875,INTEGRATED PROCARE SERVICES,WETHERSFIELD,First Name; Last Name
1982085270,NOVA DENTAL NORTH LLC,CROMWELL,First Name; Last Name
1316500606,"PEOPLESDENTAL, P.C.",CROMWELL,First Name; Last Name
1083365530,RAJ ENTERPRISES OF CROMWELL PLLC,CROMWELL,First Name; Last Name
1447404272,"STANLEY E. SCHULMAN, D.M.D., LLC",CROMWELL,First Name; Last Name
1952052235,WESTERN MASS PERIODONTICS PC,CROMWELL,First Name; Last Name
1033309067,ELIAS C DEROS DMD LLC,WATERBURY,First Name; Last Name
1174964332,"FAMILY DENTAL GROUP,P.C",WATERBURY,First Name; Last Name
1124201728,MEERA MENON,WATERBURY,First Name; Last Name
1689997124,WATERBURY FAMILY DENTAL P.C.,WATERBURY,First Name; Last Name
1821369968,"ALBANY AVENUE DENTAL GROUP, LLC",HARTFORD,First Name; Last Name
1083955348,K & L DENTAL LLC,HARTFORD,First Name; Last Name
1669697561,M DAVILA DMD PC,HARTFORD,First Name; Last Name
1588005243,TOOTH & GUMS DENTISTRY,HARTFORD,First Name; Last Name
1194003046,WE CARE FAMILY DENTAL CENTER,HARTFORD,First Name; Last Name
1396289195,DEMAS ORTHODONTICS PC,SOUTHINGTON,First Name; Last Name
1831966936,GORGEOUS SMILES DENTAL SOUTHINGTON,SOUTHINGTON,First Name; Last Name
1033492178,HORIZON DENTAL LLC,SOUTHINGTON,First Name; Last Name
1316456742,SMILE RITE DENTAL CARE LLC,SOUTHINGTON,First Name; Last Name
1912117482,SOUTHINGTON DENTAL ASSOICATES PC,SOUTHINGTON,First Name; Last Name
1376187872,SPARKLING SMILES PLLC,VERNON,First Name; Last Name
1942410642,STEPHANIE A. URILLO DDSPC,SOUTHINGTON,First Name; Last Name
1649219072,"MICHAEL B. STEIN, DMD, PC",STAMFORD,First Name; Last Name
1912461526,A-SMILE LLC,STRATFORD,First Name; Last Name
1891159026,"ADVANCED DENTAL SLEEP MEDICINE OF CONNECTICUT, PC",STRATFORD,First Name; Last Name
1841727229,"ADVANCED DENTAL SLEEP MEDICINE OF CONNECTICUT, PC",BOSTON,First Name; Last Name
1487175782,"ADVANCED DENTAL SLEEP MEDICINE OF CONNECTICUT, PC",WORCESTER,First Name; Last Name
1962922203,"ADVANCED DENTAL SLEEP MEDICINE OF CONNECTICUT, PC",WEST ROXBURY,First Name; Last Name
1821475104,"CHOICE DENTAL CARE, PC",STRATFORD,First Name; Last Name
1598631855,CORDIAL FAMILY DENTAL LLC,STRATFORD,First Name; Last Name
1932522588,HOSPITAL DENTAL ASSOCIATES OF CONNECTICUT INC,STRATFORD,First Name; Last Name
1194815530,JOHN C BRITZ DDS PC,STRATFORD,First Name; Last Name
1528072493,"MOGELOF DENTAL GROUP, LLC",STRATFORD,First Name; Last Name
1821489279,"REZA RADMAND DMD, A DENTAL CORP.",STRATFORD,First Name; Last Name
1700219243,STRATFORD ORTHODONTICS,STRATFORD,First Name; Last Name
1699228510,STRATFORD ORTHODONTICS,STRATFORD,First Name; Last Name
1881605608,"BARNETT & SHOFLICK, P.C.",ROCKY HILL,First Name; Last Name
1437370426,DANA ORTHODONTICS PC,WEST HARTFORD,First Name; Last Name
1801197298,HARTFORD DENTAL INCORPORATED,WEST HARTFORD,First Name; Last Name
1609009588,"MODERN DENTAL, INC",WEST HARTFORD,First Name; Last Name
1184253239,Individual,SPRINGFIELD,Phone
1487838330,WEST HARTFORD FAMILY DENTISTRY,WEST HARTFORD,First Name; Last Name
1730547605,"ADVANCED VALLEY DENTAL, LLC",WEST SIMSBURY,First Name; Last Name
1437294501,"VALLEY DENTAL CENTER, LLC",WEST SIMSBURY,First Name; Last Name
1801990940,ALL SMILES DENTAL,ROCKY HILL,First Name; Last Name
1891086773,DR. DENTAL OF ROCKY HILL,ROCKY HILL,First Name; Last Name
1740756345,GRACE TYLO LLC,ROCKY HILL,First Name; Last Name
1275759987,"MICHAEL R GABOR DMD, PC",ROCKY HILL,First Name; Last Name
1497364798,"NEWINGTON DENTAL CARE, PLLC",ROCKY HILL,First Name; Last Name
1205402997,OMG SMILES CT PLLC,ROCKY HILL,First Name; Last Name
1558720466,ROCKY HILL FAMILY DENTAL LLC,ROCKY HILL,First Name; Last Name
1871963280,WALNUT DENTAL,ROCKY HILL,First Name; Last Name
1598496218,WELLNESS DENTAL CARE LLC,WETHERSFIELD,First Name; Last Name
1740552967,"WEST HILL FAMILY DENTAL, PC",ROCKY HILL,First Name; Last Name
1942531157,"ZOTTOLA PERIODONTAL GROUP, LLC",ROCKY HILL,First Name; Last Name
1184960825,"AMBULATORY DENTAL ANESTHESIA ASSOCIATES, LLC",ORANGE,First Name; Last Name
1134346992,"ASPEN DENTAL OF SOUTHERN CT, PC",ORANGE,First Name; Last Name
1881003671,"DAVID E. STUBBS, DDS,P.C.",ORANGE,First Name; Last Name
1912145210,"DOUGLAS ROLLINS DMD,PC",ORANGE,First Name; Last Name
1730464470,EVERGREEN DENTAL LLC,ORANGE,First Name; Last Name
1659414126,"EXCELDENT DENTAL OF ORANGE, LLP",ORANGE,First Name; Last Name
1497630834,MODERN DENTISTRY OF ORANGE,ORANGE,First Name; Last Name
1235572868,NICHOLAS CALCATERRA DDS PC,ORANGE,First Name; Last Name
1770803033,"ORESTA L BILOUS DMD,LLC",ORANGE,First Name; Last Name
1023780921,RELIABLE DENTAL ORANGE INC.,ORANGE,First Name; Last Name
1568681864,"ROBERT D. ROSENBERG, D.D.S., P.C.",ORANGE,First Name; Last Name
1336526136,SHAOWEI CHEN DDS FAMILY DENTISTRY LLC,ORANGE,First Name; Last Name
1558327684,ADVANCED ENDODONTICS OF CT PC,MERIDEN,First Name; Last Name
1619791001,ANJALI BANERJEE DMD PLLC,MERIDEN,First Name; Last Name
1245671551,"BRACES OF CONNECTICUT, PC",MERIDEN,First Name; Last Name
1568700920,BRASS CITY DENTISTRY,WATERBURY,First Name; Last Name
1912364860,"BRILLIANT SMILE DENTAL, P.C.",MERIDEN,First Name; Last Name
1699387894,CARE DENTAL ASSOCIATES PC,MERIDEN,First Name; Last Name
1407922081,"CLOVERLEAF DENTAL CENTER, LLC",MERIDEN,First Name; Last Name
1164803037,"CONNECTICUT DENTAL PARTNERS, LLC",MERIDEN,First Name; Last Name
1639557390,D J PARK PC,MERIDEN,First Name; Last Name
1205016003,DAVID B. HYMAN DDS,MERIDEN,First Name; Last Name
1235369794,DENTAL GROUP OF MERIDEN-WALLINGFORD,MERIDEN,First Name; Last Name
1114946357,"DR. KEVIN P. LANGAN, DMD & DR. KEVIN S. FRANK, DMD, LLC",MERIDEN,First Name; Last Name
1881822351,EAST MAIN DENTAL P.C.,MERIDEN,First Name; Last Name
1477893543,HERGOTT DENTAL ASSOCIATES LLC,MERIDEN,First Name; Last Name
1376953356,MERIDEN ADULT AND CHILDREN'S PC,MERIDEN,First Name; Last Name
1154204659,MERIDEN-WALLINGFORD DENTISTRY LLC,MERIDEN,First Name; Last Name
1467577999,MERIDENTAL LLC,MERIDEN,First Name; Last Name
1710394903,PREMIER DENTAL P C,MERIDEN,First Name; Last Name
1548482094,SKLAD ENTERPRISES INC.,MERIDEN,First Name; Last Name
1275771388,VEGA DENTAL LLC,MERIDEN,First Name; Last Name
1114342631,"VENU M. CHIMMIRI, DDS, LLC",MERIDEN,First Name; Last Name
1366868697,DR MANDAVA DDS FAMILY DENTISTRY PC,MIDDLEBURY,First Name; Last Name
1568681179,"RICHARD N. SMITH, DDS, PC",MIDDLEBURY,First Name; Last Name
1912736976,ARPITA PATEL DDS PLLC,GUILFORD,First Name; Last Name
1043420441,"CENTER FOR ESTHETIC AND RESTORATIVE DENTISTRY, LLC",GUILFORD,First Name; Last Name
1447120183,GUILFORD DENTAL PLLC,GUILFORD,First Name; Last Name
1720283427,"MICHAEL G. MERLINI D.D.S., INC.",GUILFORD,First Name; Last Name
1972808053,SHORELINE DENTAL ASSOCIATES,GUILFORD,First Name; Last Name
1003903683,"THOMAS P. PETRICK DMD AND THEODORE J. KATZ DDS, PC",GUILFORD,First Name; Last Name
1184877201,ALL ABOUT KIDS PEDIATRIC DENTISTRY,STAMFORD,First Name; Last Name
1649578675,ALL DENTAL CARE,STAMFORD,First Name; Last Name
1174176705,ASNIS DENTAL OF CONNECTICUT LLC,STAMFORD,First Name; Last Name
1154952513,CLEAR SMILE DENTAL STUDIO PLLC,STAMFORD,First Name; Last Name
1861895526,DENT PLUS FAMILY DENTISTRY LLC,STAMFORD,First Name; Last Name
1356731632,STAMFORD DENTAL SPA PC,STAMFORD,First Name; Last Name
1447380787,TOWN CENTER DENTAL OF STAMFORD P.C.,STAMFORD,First Name; Last Name
1881241917,CORDIAL DENTISTRY LLC,NORWALK,First Name; Last Name
1821439084,NORWALK ORTHODONTICS,NORWALK,First Name; Last Name
1851114672,PRESTO DENTAL PLLC,NORWALK,First Name; Last Name
1851610869,WEST AVENUE DENTAL PC,NORWALK,First Name; Last Name
1558591586,GALES FERRY ORTHODONTICS LLC,GALES FERRY,First Name; Last Name
1568547321,RANDALL D HARRIS DDS PC,GALES FERRY,First Name; Last Name
1881748739,GINGER M POLLACK DMD PC,BOLTON,First Name; Last Name
1588410005,ELMWOOD DENTAL PC,WEST HARTFORD,First Name; Last Name
1932246964,"THE ELMWOOD DENTAL GROUP, LLC",WEST HARTFORD,First Name; Last Name
1023350568,"APPLE DENTAL AND ASSOCIATES,LLC",MERIDEN,First Name; Last Name
1144354465,MCM DENTAL GROUP,MERIDEN,First Name; Last Name
1235599333,"MCM DENTAL, LLC",LAKEWOOD,First Name; Last Name
1811395494,SPH MERIDEN LLC,MERIDEN,First Name; Last Name
1245517051,BRIDGEPORT DENTAL GROUP INC,BRIDGEPORT,First Name; Last Name
1245403187,"BRIDGEPORT DENTAL, LLC",BRIDGEPORT,First Name; Last Name
1881149821,"DENTAL ASSOCIATES OF BRIDGEPORT, LLC",BRIDGEPORT,First Name; Last Name
1700981602,FAMILY DENTAL GROUP C.A.,BRIDGEPORT,First Name; Last Name
1508013673,LE FAMILY DENTAL PRACTICE P.C,BRIDGEPORT,First Name; Last Name
1770935710,TEE-PEE DENTISTRY P.C.,BRIDGEPORT,First Name; Last Name
1063646248,BIG SMILES CONNECTICUT PC,SHELTON,First Name; Last Name
1750476610,COCCHIOLA & COCCHIOLA DMD LLC,SHELTON,First Name; Last Name
1689260945,"CONNECTICUT DENTAL PROFESSIONALS, P.C.",SHELTON,First Name; Last Name
1073833992,"DENTAL ASSOCIATES OF SHELTON, LLP",SHELTON,First Name; Last Name
1972660371,HUNTINGTON DENTAL CENTER CHILDRENS,HUNTINGTON,First Name; Last Name
1265657779,HUNTINGTON DENTAL PARTNERSHIP,SHELTON,First Name; Last Name
1588616247,HUNTINGTON FAMILY DENTAL GROUP,SHELTON,First Name; Last Name
1619374881,"NORTHEAST DENTAL OF CONNECTICUT,PC",SHELTON,First Name; Last Name
1174799803,"OLEYNIK, DMD, LLC",SHELTON,First Name; Last Name
1205057361,"PETER M. FERRARA, D.D.S., L.L.C",SHELTON,First Name; Last Name
1669035911,RABINE FAMILY DENTISTRY,SHELTON,First Name; Last Name
1972014744,SHELTON DENTAL GROUP LLC,SHELTON,First Name; Last Name
1396139465,SHELTON DENTIST LLC,SHELTON,First Name; Last Name
1760530315,"SMILE CONNECTICUT, PLLC",SHELTON,First Name; Last Name
1548478944,"SMILE DENTAL CENTER, PC",SHELTON,First Name; Last Name
1942450754,SPH ENTERPRISE LLC,SHELTON,First Name; Last Name
1558431031,VALLEY DENTAL GROUP LLC,SHELTON,First Name; Last Name
1396297792,AAA DENTAL LLC,BRISTOL,First Name; Last Name
1215154067,"ASPEN DENTAL OF GREATER HARTFORD, PC",BRISTOL,First Name; Last Name
1588074025,"BRISTOL FAMILY DENTAL, PC",BRISTOL,First Name; Last Name
1285953653,BRISTOL PLAZA FAMILY DENTAL,BRISTOL,First Name; Last Name
1659589596,"DRS. BENCIVENGO & GAUDIO, D.M.D.,P.C.",BRISTOL,First Name; Last Name
1346608494,"GENTLECARE DENTAL, LLC",BRISTOL,First Name; Last Name
1619171790,"KIDS DENTAL CARE, LLC",BRISTOL,First Name; Last Name
1497873434,LATVIS FAMILY DENTIST LLC,BRISTOL,First Name; Last Name
1871974014,MBRACES LLC,BRISTOL,First Name; Last Name
1861664369,MICHAEL R MARCOTTE,BRISTOL,First Name; Last Name
1588794143,"POSNER & HENDERSON, P.C.",BRISTOL,First Name; Last Name
1922544543,RAPTIS ORTHODONTICS,BRISTOL,First Name; Last Name
1548502750,SMILE BY DESIGN WINDSOR LLC,WINDSOR,First Name; Last Name
1528479581,SMILES DENTAL,BRISTOL,First Name; Last Name
1831415405,TINY TEETH GENERAL DENTISTRY LLC,BRISTOL,First Name; Last Name
1891853503,WILSON & PERKINS PC,BRISTOL,First Name; Last Name
1295889517,"GRANBY DENTAL, LLC",GRANBY,First Name; Last Name
1265315667,SALMON BROOK DENTAL GROUP PLLC,GRANBY,First Name; Last Name
1104162890,BLOOMFIELD FAMILY DENTAL PC,BLOOMFIELD,First Name; Last Name
1245583798,"BLOOMFIELD FAMILY DENTAL, PC",BLOOMFIELD,First Name; Last Name
1295009751,BRIGHT SMILE AMERICADENTAL CENTER,BLOOMFIELD,First Name; Last Name
1205058724,DAVID B SHAMASH D.D.S. P.C.,BLOOMFIELD,First Name; Last Name
1114048519,FAMILY DENTAL PRACTICE OF BLOOMFIELD,BLOOMFIELD,First Name; Last Name
1366990889,"JEAN M. LAFAYETTE, LLC",BLOOMFIELD,First Name; Last Name
1558783993,THE DENTAL CENTER LLC,BLOOMFIELD,First Name; Last Name
1982837845,"WINTONBURY DENTAL ASSOCIATES, P.C.",BLOOMFIELD,First Name; Last Name
1467578955,ARUN J MADHANI DDS LLC,SEYMOUR,First Name; Last Name
1760723431,"DEEPA SANKAR,LLC",SEYMOUR,First Name; Last Name
1336370006,ROUTE 67 FAMILY DENTISTRY,SEYMOUR,First Name; Last Name
1861876021,CT BRACES NEW HAVEN ORTHODONTICS,NEW HAVEN,First Name; Last Name
1104187673,"DR.DENTAL OF NEW HAVEN, PC",NEW HAVEN,First Name; Last Name
1326424995,PRINCEPS HEALTHCARE,NEW HAVEN,First Name; Last Name
1174853956,SMARTDENTAL LLC,NEW HAVEN,First Name; Last Name
1710417720,ACE DENTAL GROUP,WATERBURY,First Name; Last Name
1942553060,"ALAN WOLKOFF D,M.D.",WATERBURY,First Name; Last Name
1164753117,"DENTAL DREAMS, LLC",WATERBURY,First Name; Last Name
1740439645,DG DENTAL CENTER LLC,WATERBURY,First Name; Last Name
1326720194,ISMILE ORTHODONTICS OF WATERBURY LLC,WATERBURY,First Name; Last Name
1750427225,"PROSPECT FAMILY DENTAL, LLC",WATERBURY,First Name; Last Name
1235478686,"R.E. HOLDINGS, LLC",WATERBURY,First Name; Last Name
1851063754,RELIABLE DENTAL WATERBURY INC.,WATERBURY,First Name; Last Name
1093161234,"SMILE AND SHINE DENTAL, LLC",WATERBURY,First Name; Last Name
1225624596,SMILE AND SHINE WATERBURY,WATERBURY,First Name; Last Name
1134359623,"WOLCOTT STREET DENTAL-2, PC",WATERBURY,First Name; Last Name
1720034457,BRIDGEWORKS LLC,GROTON,First Name; Last Name
1457420770,CONNECTICUT DENTAL GROUPS,GROTON,First Name; Last Name
1235269689,JOHN M JOHNSON DDS PC,GROTON,First Name; Last Name
1538674262,TERCEL DENTAL PLLC,GROTON,First Name; Last Name
1356601678,AMERICAN DENTAL ASSOCIATES PLLC,VERNON,First Name; Last Name
1841306883,"ASSOCIATES IN PERIODONTICS, PC",VERNON,First Name; Last Name
1689756710,DENTAL ASSOCIATES OF ROCKVILLE LLC,VERNON ROCKVILLE,First Name; Last Name
1669759759,"DR. DENTAL OF VERNON, PC",VERNON,First Name; Last Name
1437171378,"DRS. BUSH, TANDY, AND KORUS",VERNON,First Name; Last Name
1346607298,DRS. HADDEN AND WHIDDEN LLC,VERNON,First Name; Last Name
1891352522,DRS. HADDEN AND WHIDDEN LLC,VERNON,First Name; Last Name
1396944781,JEFFREY A. BURNS D.M.D.,VERNON,First Name; Last Name
1871791608,"ROBERT A. KIEL, D.M.D., LLC",VERNON,First Name; Last Name
1992934822,"ROBERT J. GANGE, DDS,MS,LLC",VERNON,First Name; Last Name
1598994998,"RONALD DELVECCHIO D.D.S., P.C.",VERNON,First Name; Last Name
1881813764,VERNON FAMILY DENTISTS,VERNON,First Name; Last Name
1730657495,OLD GREENWHICH DENTAL CENTER LLC,OLD GREENWICH,First Name; Last Name
1346269354,"CENTRAL CONN ENDODONTICS, PC",WEST HARTFORD,First Name; Last Name
1447646757,COMPREHENSIVE AESTHETIC DENTISTRY PC,WEST HARTFORD,First Name; Last Name
1154960243,"CONTEMPORARY GENERAL DENTISTRY, LLC",WEST HARTFORD,First Name; Last Name
1285901561,"DR. DENTAL OF WEST HARTFORD, PC",WEST HARTFORD,First Name; Last Name
1831280247,KARL I GELB DDS PC,WEST HARTFORD,First Name; Last Name
1295263218,RSS CARISSA TANAKA LLC,WEST HARTFORD,First Name; Last Name
1609982552,SYDNEY EPSTEIN DMD & JOHN A GANNATTI DDS PC,WEST HARTFORD,First Name; Last Name
1467787671,WEST HARTFORD DENTAL PC,WEST HARTFORD,First Name; Last Name
1366658643,DENTAL HEALTH ASSOCIATES P.C.,WOLCOTT,First Name; Last Name
1598810731,FAMILY DENTAL CARE LLC,WOLCOTT,First Name; Last Name
1790569465,LAKEVIEW DENTAL PLLC,WOLCOTT,First Name; Last Name
1336654862,MANCHESTER DENTISTRY & IMPLANTS PLLC,MANCHESTER,Phone; First Name; Last Name
1417455171,NADIMI DENTAL CARE LLC,WOLCOTT,First Name; Last Name
1558991133,SKYE JERA ZELLER,WOLCOTT,First Name; Last Name
1205323029,WLA ASSOCIATES,WOLCOTT,First Name; Last Name
1831219021,ADVANCED DENTAL OF NEW ENGLAND LLC,BERLIN,First Name; Last Name
1922856889,BERLIN FAMILY DENTAL PLLC,BERLIN,First Name; Last Name
1720201569,C. SCOTT BUONANNO DMD & ASSOCIATES PC,KENSINGTON,First Name; Last Name
1184978363,DR TOSATTI GROUP,KENSINGTON,First Name; Last Name
1871515742,JAMES R HEGG DMD PC,KENSINGTON,First Name; Last Name
1356433247,JAMES ROGERS DDS PC,KENSINGTON,First Name; Last Name
1245502996,KENSINGTON FAMILY DENTAL,KENSINGTON,First Name; Last Name
1588703888,"ASSOCIATED DENTAL CARE OF NORTH WINDHAM, LLC",NORTH WINDHAM,First Name; Last Name
1275806481,IRVING M EDELSON DDS AND DAVID R EDELSON DMD PC,PLAINVILLE,First Name; Last Name
1689819674,LANCE R KISS DMD,PLAINVILLE,First Name; Last Name
1831655836,PLAINVILLE DENTAL ASSOCIATES LLC,PLAINVILLE,First Name; Last Name
1508971557,DENTAL ASSOCIATES OF WETHERSFIELD,WETHERSFIELD,First Name; Last Name
1477361400,"DENTAL ASSOCIATES OF WETHERSFIELD, PLLC",WETHERSFIELD,First Name; Last Name
1255561346,"DR. JAMES HAI T. NGUYEN, LLC",WETHERSFIELD,First Name; Last Name
1265975353,DR. UKTI G. PHADNIS LLC,WETHERSFIELD,First Name; Last Name
1982905121,"GERIDENT SOLUTIONS, LLC",WETHERSFIELD,First Name; Last Name
1598203556,GROVE DENTAL LLC,WETHERSFIELD,First Name; Last Name
1912662842,OP ORTHODONTICS OF CONNECTICUT PLLC,WETHERSFIELD,First Name; Last Name
1609814730,"ROCKY HILL DENTAL ASSOCIATES, P.C.",WETHERSFIELD,First Name; Last Name
1073670600,SHAPIRO FAMILY DENTISTRY LLC,WETHERSFIELD,First Name; Last Name
1134140320,"THOMSEN, MACARTHUR & SEHL, D.M.D.,PC",WETHERSFIELD,First Name; Last Name
1346116381,WETHERSFIELD FAMILY DENTAL CENTER LLC,WETHERSFIELD,First Name; Last Name
1790999019,DURHAM DENTAL LLC,DURHAM,First Name; Last Name
1073090817,"DURHAM DENTAL, PLLC",DURHAM,First Name; Last Name
1437388873,JASON R GLAZER DMD,DURHAM,First Name; Last Name
1164864823,"BRIAN K. SAWCHUK, D.D.S. AND DAVID J. SLIVA, D.M.D., L.L. C.",CLINTON,First Name; Last Name
1033282306,CHILD & ADULT ORTHODONTICS PC,CLINTON,First Name; Last Name
1730637703,"CLINTON FAMILY DENTISTRY, LLC",CLINTON,First Name; Last Name
1619269768,JEFFREY B LAMURA DDS LLC,CLINTON,First Name; Last Name
1154668333,KEVIN O'CONNELL DDS LLC,CLINTON,First Name; Last Name
1437766276,"MICHAEL DENTAL OF CLINTON, LLC",CLINTON,First Name; Last Name
1548002496,DEEP RIVER FAMILY DENTAL PLLC,DEEP RIVER,First Name; Last Name
